Workbook
Name Подтягивания: 'Коэффициенты'!$C$2:$C$7
Name Нет: 'Коэффициенты'!$C$2:$C$7

Sheet Программа тренировок 
B8: Если у вас возникнут вопросы, то у меня есть постоянная поддержка к программам тренировок для всех подписчиков Boosty
B10: ПРАВИЛА СИЛОВОЙ ТРЕНИРОВКИ:
B11: Разминка:
B12: Каждая тренировка начинается с суставной гимнастики - необходимо в течение 5-10 минут разогреть все суставы (выполнить вращательные, сгибательные и разгибательные движения всеми доступными частями тела) - уделить особое внимание плечевому суставу, позвоночнику, коленям
B14: Разминочные подходы:
B15: В каждом упражнении делаем от 1 до 4,5 или даже 6 разминочных подходов перед рабочим весом (чем больше рабочий вес - тем больше подходов необходимо чтобы подготовить тело).
B16: В упражнениях с маленьким весом в качестве разминки достаточно взять 50% от рабочего веса и медленно поработать на 8-10 повторений в одном подходе (не закисляясь)
B17: Чем больше рабочий вес, тем больше требуется разминочных подходов перед рабочим весом, при этом во время разминки не делать большого кол-ва повторений, чтобы не закисляться (1х8, 1х6, 1х4, 1х2, 1х1)
B18: Например если приседания 120 кг, то понадобится сделать 20*8, 50*6, 70*4, 90*2, 110*1, а только затем рабочий вес (делать большие шаги в увеличении веса после 50%ПМ травмоопасно - 10-20 кг оптимальный шаг)
B20: Отдых между подходами:
B21: Во время силовой тренировки на 3-6 повторений с субмаксимальными весами используются большие интервалы времени отдыха 5-10 минут
B22: Во время лёгких недель при работе со средними весами на 5-12 повторений можно выполнять по 3-5 минут отдыха между подходами
... B35: Для этого нажмите на название упражнения в списке подготовительного периода и программа выдаст доступные варианты на замену каждого упражнения
F39: Если нажать на "+", то в программу добавится ещё одно упражнение на выбор
B47: 2. Выполните 1 рабочий подход с весом, который соответствует условиям приведённым в таблице
B49: Перед этим рабочим подходом обязательно выполняем разминочные!
B59: 6-8ПМ - это вес, который соответствует 6-8 повторениям в отказ (то есть вы должны выбрать вес, с которым можете сделать не менее 6 и не более 8 повторений после чего произойдёт отказ)
B60: 7-9 RPE - это близость к отказу - то есть вы должны выполнить подход, сохранив от 1 до 3 повторений в запасе до отказа
B61: Получается что 6-8ПМ и 7-9 RPE это подход с весом, который вы могли бы поднять 6-8 повторений, но сделаете с ним подход остановившись на 1-3 повторениях до отказа (получается от 3 до 7 повторений)
B62: Вносим рабочий вес и полученное количество повторений в таблицу, а также оцениваем RPE подхода по шкале от 6,5 до 10 | M62: ЧТО ТАКОЕ RPE!?
B63: После этого таблица сама будет рассчитывать рабочий вес в следующих подходах, нужно только выставлять оценку RPE
B65: Колонка "Округл" округляет рабочие веса до 1 или 2,5 (для удобства подбора веса отягощения)
B66: например для штанги стандартный шаг 2,5 кг, а для гантелей 1 или 2 кг
F72: ПОДГОТОВИТЕЛЬНЫЙ ПЕРИОД
F74: Неделя 1 | O74: Неделя 2
C75: УСЛОВИЯ 1 ПОДХОДА | F75: 1 подход | I75: 2 подход | L75: 3 подход | O75: 1 подход | R75: 2 подход | U75: 3 подход
B76: День 1: | C76: ПМ | D76: RPE | E76: Округл | F76: Вес | G76: Повт | H76: RPE | I76: Вес | J76: Повт | K76: RPE | L76: Вес | M76: Повт | N76: RPE | O76: Вес | P76: Повт | Q76: RPE | R76: Вес | S76: Повт | T76: RPE | U76: Вес | V76: Повт | W76: RPE
B77: Жим штанги лёжа | C77: 6-8ПМ | D77: 7-9 | E77: 2.5 | I77: {=MROUND(F77/INDEX($AD$80:$AM$87,MATCH(H77,$AC$80:$AC$87,0),MATCH(G77,$AD$79:$AM$79, 0))*0.8,$E$77)} -> #N/A | J77: 5 | L77: {=MROUND(I77/INDEX($AD$80:$AM$87,MATCH(K77,$AC$80:$AC$87,0),MATCH(J77,$AD$79:$AM$79, 0))*0.8,$E$77)} -> #N/A | M77: 5 | O77: {=MROUND(F77/INDEX($AD$80:$AM$87,MATCH(H77,$AC$80:$AC$87,0),MATCH(G77,$AD$79:$AM$79, 0))*0.82,$E$77)} -> #N/A | P77: 4 | R77: {=MROUND(O77/INDEX($AD$80:$AM$87,MATCH(Q77,$AC$80:$AC$87,0),MATCH(P77,$AD$79:$AM$79, 0))*0.8,$E$77)} -> #N/A | S77: 5 | U77: {=MROUND(R77/INDEX($AD$80:$AM$87,MATCH(T77,$AC$80:$AC$87,0),MATCH(S77,$AD$79:$AM$79, 0))*0.78,L77)} -> #N/A | V77: 6
B78: Подтягивания (с отягощением) | C78: 6-8ПМ | D78: 7-9 | E78: 2.5 | I78: {=MROUND(F78/INDEX($AD$80:$AM$87,MATCH(H78,$AC$80:$AC$87,0),MATCH(G78,$AD$79:$AM$79, 0))*0.8,$E$78)} -> #N/A | J78: 5 | L78: {=MROUND(I78/INDEX($AD$80:$AM$87,MATCH(K78,$AC$80:$AC$87,0),MATCH(J78,$AD$79:$AM$79, 0))*0.8,$E$78)} -> #N/A | M78: 5 | O78: {=MROUND(F78/INDEX($AD$80:$AM$87,MATCH(H78,$AC$80:$AC$87,0),MATCH(G78,$AD$79:$AM$79, 0))*0.82,$E$78)} -> #N/A | P78: 4 | R78: {=MROUND(O78/INDEX($AD$80:$AM$87,MATCH(Q78,$AC$80:$AC$87,0),MATCH(P78,$AD$79:$AM$79, 0))*0.8,$E$78)} -> #N/A | S78: 5 | U78: {=MROUND(R78/INDEX($AD$80:$AM$87,MATCH(T78,$AC$80:$AC$87,0),MATCH(S78,$AD$79:$AM$79, 0))*0.78,$E$78)} -> #N/A | V78: 6 | AD78: Повторения
B79: Жим платформы ногами | C79: 8-10ПМ | D79: 7-9 | E79: 5 | I79: {=MROUND(F79/INDEX($AD$80:$AM$87,MATCH(H79,$AC$80:$AC$87,0),MATCH(G79,$AD$79:$AM$79, 0))*0.8,$E$79)} -> #N/A | J79: 5 | L79: {=MROUND(I79/INDEX($AD$80:$AM$87,MATCH(K79,$AC$80:$AC$87,0),MATCH(J79,$AD$79:$AM$79, 0))*0.8,$E$79)} -> #N/A | M79: 5 | O79: {=MROUND(F79/INDEX($AD$80:$AM$87,MATCH(H79,$AC$80:$AC$87,0),MATCH(G79,$AD$79:$AM$79, 0))*0.82,$E$79)} -> #N/A | P79: 4 | R79: {=MROUND(O79/INDEX($AD$80:$AM$87,MATCH(Q79,$AC$80:$AC$87,0),MATCH(P79,$AD$79:$AM$79, 0))*0.8,$E$79)} -> #N/A | S79: 5 | U79: {=MROUND(R79/INDEX($AD$80:$AM$87,MATCH(T79,$AC$80:$AC$87,0),MATCH(S79,$AD$79:$AM$79, 0))*0.78,$E$79)} -> #N/A | V79: 6 | AC79: RPE | AD79: 1 | AE79: 2 | AF79: 3 | AG79: 4 | AH79: 5 | AI79: 6 | AJ79: 7 | AK79: 8 | AL79: 9 | AM79: 10
B80: Махи с гантелями в стороны | C80: 10-12ПМ | D80: 7-9 | E80: 1 | I80: {=MROUND(F80/INDEX($AD$80:$AM$87,MATCH(H80,$AC$80:$AC$87,0),MATCH(G80,$AD$79:$AM$79, 0))*0.72,$E$80)} -> #N/A | J80: 8 | L80: {=MROUND(I80/INDEX($AD$80:$AM$87,MATCH(K80,$AC$80:$AC$87,0),MATCH(J80,$AD$79:$AM$79, 0))*0.72,$E$80)} -> #N/A | M80: 8 | O80: {=MROUND(F80/INDEX($AD$80:$AM$87,MATCH(H80,$AC$80:$AC$87,0),MATCH(G80,$AD$79:$AM$79, 0))*0.72,$E$80)} -> #N/A | P80: 6 | R80: {=MROUND(O80/INDEX($AD$80:$AM$87,MATCH(Q80,$AC$80:$AC$87,0),MATCH(P80,$AD$79:$AM$79, 0))*0.72,$E$80)} -> #N/A | S80: 8 | U80: {=MROUND(R80/INDEX($AD$80:$AM$87,MATCH(T80,$AC$80:$AC$87,0),MATCH(S80,$AD$79:$AM$79, 0))*0.69,$E$80)} -> #N/A | V80: 10 | AC80: 10 | AD80: 1 | AE80: 0.96 | AF80: 0.92 | AG80: 0.89 | AH80: 0.86 | AI80: 0.84 | AJ80: 0.81 | AK80: 0.79 | AL80: 0.76 | AM80: 0.74
B81: + | C81: =IF(B81='Формулы'!L39, "", "собственный") | D81: =IF(B81='Формулы'!L39, "", "7-9") | F81: =IF(B81="+", "", "собств.") | I81: =IF(B81="+", "", "собств.") | J81: =IF(B81="+", "", MROUND(G81+(10-H81-3),1)) | L81: =IF(B81="+", "", "собств.") | M81: =IF(B81="+","", MROUND(J81+(10-K81-2),1)) | O81: =IF(B81="+", "", "собств.") | P81: =IF(B81="+", "", MROUND(M81+(10-N81-2),1)) | R81: =IF(B81="+", "", "собств.") | S81: =IF(B81="+", "", MROUND(P81+(10-Q81-1),1)) | U81: =IF(B81="+", "", "собств.") | V81: =IF(B81="+", "", MROUND(S81+(10-T81-1),1)) | AC81: 9.5 | AD81: 0.98 | AE81: 0.94 | AF81: 0.91 | AG81: 0.88 | AH81: 0.85 | AI81: 0.82 | AJ81: 0.8 | AK81: 0.77 | AL81: 0.75 | AM81: 0.72
AC82: 9 | AD82: 0.96 | AE82: 0.92 | AF82: 0.89 | AG82: 0.86 | AH82: 0.84 | AI82: 0.81 | AJ82: 0.79 | AK82: 0.76 | AL82: 0.74 | AM82: 0.71
C83: УСЛОВИЯ 1 ПОДХОДА | F83: 1 подход | I83: 2 подход | L83: 3 подход | O83: 1 подход | R83: 2 подход | U83: 3 подход | AC83: 8.5 | AD83: 0.94 | AE83: 0.91 | AF83: 0.88 | AG83: 0.85 | AH83: 0.82 | AI83: 0.8 | AJ83: 0.77 | AK83: 0.75 | AL83: 0.72 | AM83: 0.69
B84: День 2: | C84: ПМ | D84: RPE | E84: Округл | F84: Вес | G84: Повт | H84: RPE | I84: Вес | J84: Повт | K84: RPE | L84: Вес | M84: Повт | N84: RPE | O84: Вес | P84: Повт | Q84: RPE | R84: Вес | S84: Повт | T84: RPE | U84: Вес | V84: Повт | W84: RPE | AC84: 8 | AD84: 0.92 | AE84: 0.89 | AF84: 0.86 | AG84: 0.84 | AH84: 0.81 | AI84: 0.79 | AJ84: 0.76 | AK84: 0.74 | AL84: 0.71 | AM84: 0.68
B85: Ягодичный мост | C85: 6-8ПМ | D85: 7-9 | E85: 2.5 | I85: {=MROUND(F85/INDEX($AD$80:$AM$87,MATCH(H85,$AC$80:$AC$87,0),MATCH(G85,$AD$79:$AM$79, 0))*0.8,$E$85)} -> #N/A | J85: 5 | L85: {=MROUND(I85/INDEX($AD$80:$AM$87,MATCH(K85,$AC$80:$AC$87,0),MATCH(J85,$AD$79:$AM$79, 0))*0.8,$E$85)} -> #N/A | M85: 5 | O85: =MROUND(F85/INDEX($AD$80:$AM$87,MATCH(H85,$AC$80:$AC$87,0),MATCH(G85,$AD$79:$AM$79, 0))*0.82,E85) -> #N/A | P85: 4 | R85: {=MROUND(O85/INDEX($AD$80:$AM$87,MATCH(Q85,$AC$80:$AC$87,0),MATCH(P85,$AD$79:$AM$79, 0))*0.8,$E$85)} -> #N/A | S85: 5 | U85: {=MROUND(R85/INDEX($AD$80:$AM$87,MATCH(T85,$AC$80:$AC$87,0),MATCH(S85,$AD$79:$AM$79, 0))*0.78,$E$85)} -> #N/A | V85: 6 | AC85: 7.5 | AD85: 0.91 | AE85: 0.88 | AF85: 0.85 | AG85: 0.82 | AH85: 0.8 | AI85: 0.77 | AJ85: 0.75 | AK85: 0.72 | AL85: 0.69 | AM85: 0.67
B86: Подъём штанги на бицепс | C86: 6-8ПМ | D86: 7-9 | E86: 2.5 | I86: {=MROUND(F86/INDEX($AD$80:$AM$87,MATCH(H86,$AC$80:$AC$87,0),MATCH(G86,$AD$79:$AM$79, 0))*0.8,$E$86)} -> #N/A | J86: 5 | L86: {=MROUND(I86/INDEX($AD$80:$AM$87,MATCH(K86,$AC$80:$AC$87,0),MATCH(J86,$AD$79:$AM$79, 0))*0.8,$E$86)} -> #N/A | M86: 5 | O86: =MROUND(F86/INDEX($AD$80:$AM$87,MATCH(H86,$AC$80:$AC$87,0),MATCH(G86,$AD$79:$AM$79, 0))*0.82,E86) -> #N/A | P86: 4 | R86: {=MROUND(O86/INDEX($AD$80:$AM$87,MATCH(Q86,$AC$80:$AC$87,0),MATCH(P86,$AD$79:$AM$79, 0))*0.8,$E$86)} -> #N/A | S86: 5 | U86: {=MROUND(R86/INDEX($AD$80:$AM$87,MATCH(T86,$AC$80:$AC$87,0),MATCH(S86,$AD$79:$AM$79, 0))*0.78,$E$86)} -> #N/A | V86: 6 | AC86: 7 | AD86: 0.89 | AE86: 0.86 | AF86: 0.84 | AG86: 0.81 | AH86: 0.79 | AI86: 0.76 | AJ86: 0.74 | AK86: 0.71 | AL86: 0.68 | AM86: 0.65
B87: Жим штанги лёжа | C87: 8-10ПМ | D87: 7-9 | E87: 2.5 | I87: {=MROUND(F87/INDEX($AD$80:$AM$87,MATCH(H87,$AC$80:$AC$87,0),MATCH(G87,$AD$79:$AM$79, 0))*0.8,$E$87)} -> #N/A | J87: 5 | L87: {=MROUND(I87/INDEX($AD$80:$AM$87,MATCH(K87,$AC$80:$AC$87,0),MATCH(J87,$AD$79:$AM$79, 0))*0.8,$E$87)} -> #N/A | M87: 5 | O87: =MROUND(F87/INDEX($AD$80:$AM$87,MATCH(H87,$AC$80:$AC$87,0),MATCH(G87,$AD$79:$AM$79, 0))*0.82,E87) -> #N/A | P87: 4 | R87: {=MROUND(O87/INDEX($AD$80:$AM$87,MATCH(Q87,$AC$80:$AC$87,0),MATCH(P87,$AD$79:$AM$79, 0))*0.8,$E$87)} -> #N/A | S87: 5 | U87: {=MROUND(R87/INDEX($AD$80:$AM$87,MATCH(T87,$AC$80:$AC$87,0),MATCH(S87,$AD$79:$AM$79, 0))*0.78,$E$87)} -> #N/A | V87: 6 | AC87: 6.5 | AD87: 0.88 | AE87: 0.85 | AF87: 0.82 | AG87: 0.8 | AH87: 0.77 | AI87: 0.75 | AJ87: 0.72 | AK87: 0.69 | AL87: 0.67 | AM87: 0.64
B88: Разгибания рук на блоке | C88: 10-12ПМ | D88: 7-9 | E88: 3 | I88: {=MROUND(F88/INDEX($AD$80:$AM$87,MATCH(H88,$AC$80:$AC$87,0),MATCH(G88,$AD$79:$AM$79, 0))*0.72,$E$88)} -> #N/A | J88: 8 | L88: {=MROUND(I88/INDEX($AD$80:$AM$87,MATCH(K88,$AC$80:$AC$87,0),MATCH(J88,$AD$79:$AM$79, 0))*0.72,$E$88)} -> #N/A | M88: 8 | O88: {=MROUND(F88/INDEX($AD$80:$AM$87,MATCH(H88,$AC$80:$AC$87,0),MATCH(G88,$AD$79:$AM$79, 0))*0.72,E88)} -> #N/A | P88: 6 | R88: {=MROUND(O88/INDEX($AD$80:$AM$87,MATCH(Q88,$AC$80:$AC$87,0),MATCH(P88,$AD$79:$AM$79, 0))*0.72,$E$88)} -> #N/A | S88: 8 | U88: {=MROUND(R88/INDEX($AD$80:$AM$87,MATCH(T88,$AC$80:$AC$87,0),MATCH(S88,$AD$79:$AM$79, 0))*0.69,$E$88)} -> #N/A | V88: 10
B89: + | C89: =IF(B89='Формулы'!L47, "", "собственный") -> собственный | D89: =IF(B89='Формулы'!L47, "", "7-9") -> 7-9 | I89: {=IF(B89="+", "", MROUND(F89/INDEX($AD$80:$AM$87,MATCH(H89,$AC$80:$AC$87,0),MATCH(G89,$AD$79:$AM$79, 0))*0.72,$E$89))} | J89: =IF(B89="+", "", "8") | L89: {=IF(B89="+", "", MROUND(I89/INDEX($AD$80:$AM$87,MATCH(K89,$AC$80:$AC$87,0),MATCH(J89,$AD$79:$AM$79, 0))*0.72,$E$89))} | M89: =IF(B89="+", "", "8") | O89: {=IF(B89="+", "", MROUND(F89/INDEX($AD$80:$AM$87,MATCH(H89,$AC$80:$AC$87,0),MATCH(G89,$AD$79:$AM$79, 0))*0.72,$E$89))} | P89: =IF(B89="+", "", "6") | R89: {=IF($B$89="+", "", MROUND(O89/INDEX($AD$80:$AM$87,MATCH(Q89,$AC$80:$AC$87,0),MATCH(P89,$AD$79:$AM$79, 0))*0.72,$E$89))} | S89: =IF(B89="+", "", "8") | U89: {=IF(B89="+", "", MROUND(R89/INDEX($AD$80:$AM$87,MATCH(T89,$AC$80:$AC$87,0),MATCH(S89,$AD$79:$AM$79, 0))*0.69,$E$89))} | V89: =IF(B89="+", "", "10")
C91: УСЛОВИЯ 1 ПОДХОДА | F91: 1 подход | I91: 2 подход | L91: 3 подход | O91: 1 подход | R91: 2 подход | U91: 3 подход
B92: День 3: | C92: Подх | D92: RPE | E92: Округл | F92: Вес | G92: Повт | H92: RPE | I92: Вес | J92: Повт | K92: RPE | L92: Вес | M92: Повт | N92: RPE | O92: Вес | P92: Повт | Q92: RPE | R92: Вес | S92: Повт | T92: RPE | U92: Вес | V92: Повт | W92: RPE
B93: Приседания в колодец | C93: 6-8ПМ | D93: 7-9 | E93: 2.5 | I93: {=MROUND(F93/INDEX($AD$80:$AM$87,MATCH(H93,$AC$80:$AC$87,0),MATCH(G93,$AD$79:$AM$79, 0))*0.8,$E$93)} -> #N/A | J93: 5 | L93: {=MROUND(I93/INDEX($AD$80:$AM$87,MATCH(K93,$AC$80:$AC$87,0),MATCH(J93,$AD$79:$AM$79, 0))*0.8,$E$93)} -> #N/A | M93: 5 | O93: =MROUND(F93/INDEX($AD$80:$AM$87,MATCH(H93,$AC$80:$AC$87,0),MATCH(G93,$AD$79:$AM$79, 0))*0.82,E93) -> #N/A | P93: 4 | R93: {=MROUND(O93/INDEX($AD$80:$AM$87,MATCH(Q93,$AC$80:$AC$87,0),MATCH(P93,$AD$79:$AM$79, 0))*0.8,$E$93)} -> #N/A | S93: 5 | U93: {=MROUND(R93/INDEX($AD$80:$AM$87,MATCH(T93,$AC$80:$AC$87,0),MATCH(S93,$AD$79:$AM$79, 0))*0.8,$E$93)} -> #N/A | V93: 5
B94: Жим гантелей сидя | C94: 6-8ПМ | D94: 7-9 | E94: 2.5 | I94: {=MROUND(F94/INDEX($AD$80:$AM$87,MATCH(H94,$AC$80:$AC$87,0),MATCH(G94,$AD$79:$AM$79, 0))*0.8,$E$94)} -> #N/A | J94: 5 | L94: {=MROUND(I94/INDEX($AD$80:$AM$87,MATCH(K94,$AC$80:$AC$87,0),MATCH(J94,$AD$79:$AM$79, 0))*0.8,$E$94)} -> #N/A | M94: 5 | O94: =MROUND(F94/INDEX($AD$80:$AM$87,MATCH(H94,$AC$80:$AC$87,0),MATCH(G94,$AD$79:$AM$79, 0))*0.82,E94) -> #N/A | P94: 4 | R94: {=MROUND(O94/INDEX($AD$80:$AM$87,MATCH(Q94,$AC$80:$AC$87,0),MATCH(P94,$AD$79:$AM$79, 0))*0.8,$E$94)} -> #N/A | S94: 5 | U94: {=MROUND(R94/INDEX($AD$80:$AM$87,MATCH(T94,$AC$80:$AC$87,0),MATCH(S94,$AD$79:$AM$79, 0))*0.8,$E$94)} -> #N/A | V94: 5
B95: Тяга штанги в наклоне | C95: 8-10ПМ | D95: 7-9 | E95: 2.5 | I95: {=MROUND(F95/INDEX($AD$80:$AM$87,MATCH(H95,$AC$80:$AC$87,0),MATCH(G95,$AD$79:$AM$79, 0))*0.8,$E$95)} -> #N/A | J95: 5 | L95: {=MROUND(I95/INDEX($AD$80:$AM$87,MATCH(K95,$AC$80:$AC$87,0),MATCH(J95,$AD$79:$AM$79, 0))*0.8,$E$95)} -> #N/A | M95: 5 | O95: =MROUND(F95/INDEX($AD$80:$AM$87,MATCH(H95,$AC$80:$AC$87,0),MATCH(G95,$AD$79:$AM$79, 0))*0.82,E95) -> #N/A | P95: 4 | R95: {=MROUND(O95/INDEX($AD$80:$AM$87,MATCH(Q95,$AC$80:$AC$87,0),MATCH(P95,$AD$79:$AM$79, 0))*0.8,$E$95)} -> #N/A | S95: 5 | U95: {=MROUND(R95/INDEX($AD$80:$AM$87,MATCH(T95,$AC$80:$AC$87,0),MATCH(S95,$AD$79:$AM$79, 0))*0.8,$E$95)} -> #N/A | V95: 5
B96: Подтягивания (собственный вес) | C96: 10-12ПМ | D96: 7-9 | E96: 3 | I96: {=MROUND(F96/INDEX($AD$80:$AM$87,MATCH(H96,$AC$80:$AC$87,0),MATCH(G96,$AD$79:$AM$79, 0))*0.72,$E$96)} -> #N/A | J96: 8 | L96: {=MROUND(I96/INDEX($AD$80:$AM$87,MATCH(K96,$AC$80:$AC$87,0),MATCH(J96,$AD$79:$AM$79, 0))*0.72,$E$96)} -> #N/A | M96: 8 | O96: {=MROUND(F96/INDEX($AD$80:$AM$87,MATCH(H96,$AC$80:$AC$87,0),MATCH(G96,$AD$79:$AM$79, 0))*0.72,E96)} -> #N/A | P96: 6 | R96: {=MROUND(O96/INDEX($AD$80:$AM$87,MATCH(Q96,$AC$80:$AC$87,0),MATCH(P96,$AD$79:$AM$79, 0))*0.72,$E$96)} -> #N/A | S96: 8 | U96: {=MROUND(R96/INDEX($AD$80:$AM$87,MATCH(T96,$AC$80:$AC$87,0),MATCH(S96,$AD$79:$AM$79, 0))*0.69,$E$96)} -> #N/A | V96: 10
B97: + | C97: =IF(B97='Формулы'!L39, "", "10-12ПМ") | D97: =IF(B97='Формулы'!L39, "", "7-9") | I97: {=IF(B97="+","",MROUND(F97/INDEX($AD$80:$AM$87,MATCH(H97,$AC$80:$AC$87,0),MATCH(G97,$AD$79:$AM$79, 0))*0.72,$E$97))} | J97: =IF(B97="+", "", "8") | L97: {=IF(B97="+","",MROUND(I97/INDEX($AD$80:$AM$87,MATCH(K97,$AC$80:$AC$87,0),MATCH(J97,$AD$79:$AM$79, 0))*0.72,$E$97))} | M97: =IF(B97="+", "", "8") | O97: {=IF(B97="+","",MROUND(F97/INDEX($AD$80:$AM$87,MATCH(H97,$AC$80:$AC$87,0),MATCH(G97,$AD$79:$AM$79, 0))*0.72,E97))} | P97: =IF(B97="+", "", "6") | R97: {=IF(B97="+","",MROUND(O97/INDEX($AD$80:$AM$87,MATCH(Q97,$AC$80:$AC$87,0),MATCH(P97,$AD$79:$AM$79, 0))*0.72,$E$97))} | S97: =IF(B97="+", "", "8") | U97: {=IF(B97="+","",MROUND(R97/INDEX($AD$80:$AM$87,MATCH(T97,$AC$80:$AC$87,0),MATCH(S97,$AD$79:$AM$79, 0))*0.69,$E$97))} | V97: =IF(B97="+", "", "10")
H105: Инструкция к "ТЕСТОВОЙ НЕДЕЛЕ":
C107: ТЕСТОВАЯ НЕДЕЛЯ
G109: Сразу после подготовительного периода мы проводим тестовую неделю
B110: День 1: | C110: Вес (кг) | D110: Повторений | G110: Нам необходимо оценить свои силовые показатели, чтобы программа рассчитала рабочие веса для следующего периода
B111: =B77 -> Жим штанги лёжа | G111: Для этого нам необходимо протестировать все упражнения по 1 подходу в отказ и вписать результаты рабочего веса и количества повторений
B112: =B78 -> Подтягивания (с отягощением)
B113: =B79 -> Жим платформы ногами
B114: =B80 -> Махи с гантелями в стороны
B115: =IF(B81="+", "", B81)
B118: День 2: | C118: Вес (кг) ↓ | D118: ПМ ↓
B119: =B85 -> Ягодичный мост
B120: =B86 -> Подъём штанги на бицепс
B121: =B87 -> Жим штанги лёжа
B122: =B88 -> Разгибания рук на блоке | G122: Перед этим подходом нужно выполнить несколько разминочных подходов
B123: =IF(B89="+", "", B89) | G123: Затем отдохните 5-6 минут и выполните подход до отказа (без нарушений техники)
G124: Вес должен быть достаточно большим, так как только это обеспечит наилучшую точность вычислений
G125: Для базовых упражнений самый точный диапазон повторений от 3 до 6, поэтому вам нужно выбрать для этого подхода большой вес,
B126: День 3: | C126: Вес (кг) ↓ | D126: ПМ ↓ | G126: но вы можете выполнить от 1 до 10 повторений - это имеет приемлемую точность
B127: =B93 -> Приседания в колодец
B128: =B94 -> Жим гантелей сидя | G128: В подтягиваниях и отжиманиях "с дополнительным весом", подставляем вес тела + вес отягощения
B129: =B95 -> Тяга штанги в наклоне | G129: (Если ваш вес 80 кг и вы подтягиваетесь с дополнительным весом 20 кг на 5 повторений, то подставляем 100 кг на 5 повторений)
B130: =B96 -> Подтягивания (собственный вес)
B131: =IF(B97="+", "", B97)
B141: Если вы всё сделали правильно и ввели вручную результаты в ячейки, то программа рассчитает для вас рабочие веса, количество подходов и повторений, с которыми нужно заниматься в последующий период
B142: Если же в таблице присутствует #Н/Д, то это говорит о том что вы где-то допустили ошибку (чаще всего вы ввели неверное значение ПМ, которое не попадает в указанный диапазон)
B143: Перепроверьте правильно ли вы заполнили упражнения "с собственным весом" (если они присутствуют) - в них нам необходимо вместо шага подставить желаемую прибавку в количестве повторений
C150: МЕЗОЦИКЛ 1
C152: Неделя 1 | J152: Неделя 2 | Q152: Неделя 3
B153: День 1: | C153: Вес | D153: Подходы | E153: Повторения | F153: RPE | G153: Вес | H153: Подходы | I153: Повторения | J153: Вес | K153: Подходы | L153: Повторения | M153: RPE | N153: Вес | O153: Подходы | P153: Повторения | Q153: Вес | R153: Подходы | S153: Повторения | T153: RPE | U153: Вес | V153: Подходы | W153: Повторения
B154: =B111 -> Жим штанги лёжа | C154: =VLOOKUP(B77, 'Формулы'!L9:CA11, 6,FALSE) -> #N/A | D154: =VLOOKUP(B77, 'Формулы'!L9:CA11, 7,FALSE) -> 1 | E154: =VLOOKUP(B77, 'Формулы'!L9:CA11, 8,FALSE) -> 3 | G154: =VLOOKUP(B77, 'Формулы'!L9:CA11, 10,FALSE) -> #N/A | H154: =VLOOKUP(B77, 'Формулы'!L9:CA11, 11,FALSE) -> 3 | I154: =VLOOKUP(B77, 'Формулы'!L9:CA11, 12,FALSE) -> 6 | J154: =VLOOKUP(B77, 'Формулы'!L9:CA11, 13,FALSE) -> #N/A | K154: =VLOOKUP(B77, 'Формулы'!L9:CA11, 14,FALSE) -> 1 | L154: =VLOOKUP(B77, 'Формулы'!L9:CA11, 15,FALSE) -> 3 | N154: =VLOOKUP(B77, 'Формулы'!L9:CA11, 17,FALSE) -> #N/A | O154: =VLOOKUP(B77, 'Формулы'!L9:CA11, 18,FALSE) -> 3 | P154: =VLOOKUP(B77, 'Формулы'!L9:CA11, 19,FALSE) -> 5 | Q154: =VLOOKUP(B77, 'Формулы'!L9:CA11, 20,FALSE) -> #N/A | R154: =VLOOKUP(B77, 'Формулы'!L9:CA11, 21,FALSE) -> 1 | S154: =VLOOKUP(B77, 'Формулы'!L9:CA11, 22,FALSE) -> 3 | U154: =VLOOKUP(B77, 'Формулы'!L9:CA11, 24,FALSE) -> #N/A | V154: =VLOOKUP(B77, 'Формулы'!L9:CA11, 25,FALSE) -> 3 | W154: =VLOOKUP(B77, 'Формулы'!L9:CA11, 26,FALSE) -> 4
B155: =B112 -> Подтягивания (с отягощением) | C155: =VLOOKUP(B78, 'Формулы'!L13:CA15, 6,FALSE) -> #N/A | D155: =VLOOKUP(B78, 'Формулы'!L13:CA15, 7,FALSE) -> 3 | E155: =VLOOKUP(B78, 'Формулы'!L13:CA15, 8,FALSE) -> 3 | G155: =VLOOKUP(B78, 'Формулы'!L13:CA15, 10,FALSE) -> #N/A | H155: =VLOOKUP(B78, 'Формулы'!L13:CA15, 11,FALSE) -> 3 | I155: =VLOOKUP(B78, 'Формулы'!L13:CA15, 12,FALSE) -> 6 | J155: =VLOOKUP(B78, 'Формулы'!L13:CA15, 13,FALSE) -> #N/A | K155: =VLOOKUP(B78, 'Формулы'!L13:CA15, 14,FALSE) -> 3 | L155: =VLOOKUP(B78, 'Формулы'!L13:CA15, 15,FALSE) -> 3 | N155: =VLOOKUP(B78, 'Формулы'!L13:CA15, 17,FALSE) -> #N/A | O155: 8 | P155: =VLOOKUP($B$78, 'Формулы'!$L$13:$CA$15, 19,FALSE) -> 5 | Q155: =VLOOKUP($B$78, 'Формулы'!$L$13:$CA$15, 20,FALSE) -> #N/A | R155: =VLOOKUP($B$78, 'Формулы'!$L$13:$CA$15, 21,FALSE) -> 3 | S155: =VLOOKUP($B$78, 'Формулы'!$L$13:$CA$15, 22,FALSE) -> 3 | U155: =VLOOKUP($B$78, 'Формулы'!$L$13:$CA$15, 24,FALSE) -> #N/A | V155: =VLOOKUP($B$78, 'Формулы'!$L$13:$CA$15, 25,FALSE) -> 3 | W155: =VLOOKUP($B$78, 'Формулы'!$L$13:$CA$15, 26,FALSE) -> 4
B156: =B113 -> Жим платформы ногами | C156: =VLOOKUP(B79, 'Формулы'!L54:CA56, 6,FALSE) -> #N/A | D156: =VLOOKUP(B79, 'Формулы'!L54:CA56, 7,FALSE) -> 3 | E156: =VLOOKUP(B79, 'Формулы'!L54:CA56, 8,FALSE) -> 5 | G156: =VLOOKUP(B79, 'Формулы'!L54:CA56, 10,FALSE) -> #N/A | H156: =VLOOKUP(B79, 'Формулы'!L54:CA56, 11,FALSE) -> 3 | I156: =VLOOKUP(B79, 'Формулы'!L54:CA56, 12,FALSE) -> 8 | J156: =VLOOKUP(B79, 'Формулы'!L54:CA56, 13,FALSE) -> #N/A | K156: =VLOOKUP(B79, 'Формулы'!L54:CA56, 14,FALSE) -> 3 | L156: =VLOOKUP(B79, 'Формулы'!L54:CA56, 15,FALSE) -> 5 | N156: =VLOOKUP(B79, 'Формулы'!L54:CA56, 17,FALSE) -> #N/A | O156: 8 | P156: =VLOOKUP(B79, 'Формулы'!L54:CA56, 19,FALSE) -> 7 | Q156: =VLOOKUP(B79, 'Формулы'!L54:CA56, 20,FALSE) -> #N/A | R156: =VLOOKUP(B79, 'Формулы'!L54:CA56, 21,FALSE) -> 3 | S156: =VLOOKUP(B79, 'Формулы'!L54:CA56, 22,FALSE) -> 5 | U156: =VLOOKUP(B79, 'Формулы'!L54:CA56, 24,FALSE) -> #N/A | V156: =VLOOKUP(B79, 'Формулы'!L54:CA56, 25,FALSE) -> 3 | W156: =VLOOKUP(B79, 'Формулы'!L54:CA56, 26,FALSE) -> 6
B157: =B114 -> Махи с гантелями в стороны | C157: =VLOOKUP(B80, 'Формулы'!L21:CA22, 6,FALSE) -> #N/A | D157: =VLOOKUP(B80, 'Формулы'!L21:CA22, 7,FALSE) -> 3 | E157: =VLOOKUP(B80, 'Формулы'!L21:CA22, 8,FALSE) -> 10 | G157: =VLOOKUP(B80, 'Формулы'!L21:CA22, 10,FALSE) -> #N/A | H157: =VLOOKUP(B80, 'Формулы'!L21:CA22, 11,FALSE) -> 1 | I157: =VLOOKUP(B80, 'Формулы'!L21:CA22, 12,FALSE) -> до отказа | J157: =VLOOKUP(B80, 'Формулы'!L21:CA22, 13,FALSE) -> #N/A | K157: =VLOOKUP(B80, 'Формулы'!L21:CA22, 14,FALSE) -> 3 | L157: =VLOOKUP(B80, 'Формулы'!L21:CA22, 15,FALSE) -> 10 | N157: =VLOOKUP(B80, 'Формулы'!L21:CA22, 17,FALSE) -> #N/A | O157: =VLOOKUP(B80, 'Формулы'!L21:CA22, 18,FALSE) -> 1 | P157: =VLOOKUP(B80, 'Формулы'!L21:CA22, 19,FALSE) -> до отказа | Q157: =VLOOKUP(B80, 'Формулы'!L21:CA22, 20,FALSE) -> #N/A | R157: =VLOOKUP(B80, 'Формулы'!L21:CA22, 21,FALSE) -> 3 | S157: =VLOOKUP(B80, 'Формулы'!L21:CA22, 22,FALSE) -> 10 | U157: =VLOOKUP(B80, 'Формулы'!L21:CA22, 24,FALSE) -> #N/A | V157: =VLOOKUP(B80, 'Формулы'!L21:CA22, 25,FALSE) -> 1 | W157: =VLOOKUP(B80, 'Формулы'!L21:CA22, 26,FALSE) -> до отказа
B158: =IF(B115="+", "", B115) | C158: =IF(B81='Формулы'!L67,"",VLOOKUP(B81,'Формулы'!L67:CA69,6,FALSE)) | D158: =IF(B81='Формулы'!L67,"",VLOOKUP(B81,'Формулы'!L67:CA69,7,FALSE)) | E158: =IF(B81='Формулы'!L67,"",VLOOKUP(B81,'Формулы'!L67:CA69,8,FALSE)) | G158: =IF(B81='Формулы'!L67,"",VLOOKUP(B81,'Формулы'!L67:CA69,10,FALSE)) | H158: =IF(B81='Формулы'!L67,"",VLOOKUP(B81,'Формулы'!L67:CA69,11,FALSE)) | I158: =IF(B81='Формулы'!L67,"",VLOOKUP(B81,'Формулы'!L67:CA69,12,FALSE)) | J158: =IF(B81='Формулы'!L67,"",VLOOKUP(B81,'Формулы'!L67:CA69,13,FALSE)) | K158: =IF(B81='Формулы'!L67,"",VLOOKUP(B81,'Формулы'!L67:CA69,14,FALSE)) | L158: =IF(B81='Формулы'!L67,"",VLOOKUP(B81,'Формулы'!L67:CA69,15,FALSE)) | N158: =IF(B81='Формулы'!L67,"",VLOOKUP(B81,'Формулы'!L67:CA69,17,FALSE)) | O158: =IF(B81='Формулы'!L67,"",VLOOKUP(B81,'Формулы'!L67:CA69,18,FALSE)) | P158: =IF(B81='Формулы'!L67,"",VLOOKUP(B81,'Формулы'!L67:CA69,19,FALSE)) | Q158: =IF(B81='Формулы'!L67,"",VLOOKUP(B81,'Формулы'!L67:CA69,20,FALSE)) | R158: =IF(B81='Формулы'!L67,"",VLOOKUP(B81,'Формулы'!L67:CA69,21,FALSE)) | S158: =IF(B81='Формулы'!L67,"",VLOOKUP(B81,'Формулы'!L67:CA69,22,FALSE)) | U158: =IF(B81='Формулы'!L67,"",VLOOKUP(B81,'Формулы'!L67:CA69,24,FALSE)) | V158: =IF(B81='Формулы'!L67,"",VLOOKUP(B81,'Формулы'!L67:CA69,25,FALSE)) | W158: =IF(B81='Формулы'!L67,"",VLOOKUP(B81,'Формулы'!L67:CA69,26,FALSE))
B161: День 2: | C161: Вес | D161: Подходы | E161: Повторения | F161: RPE | G161: Вес | H161: Подходы | I161: Повторения | J161: Вес | K161: Подходы | L161: Повторения | M161: RPE | N161: Вес | O161: Подходы | P161: Повторения | Q161: Вес | R161: Подходы | S161: Повторения | T161: RPE | U161: Вес | V161: Подходы | W161: Повторения
B162: =B119 -> Ягодичный мост | C162: =VLOOKUP(B85, 'Формулы'!L24:CA26, 6,FALSE) -> #N/A | D162: =VLOOKUP(B85, 'Формулы'!L24:CA26, 7,FALSE) -> 1 | E162: =VLOOKUP(B85, 'Формулы'!L24:CA26, 8,FALSE) -> 5 | G162: =VLOOKUP(B85, 'Формулы'!L24:CA26, 10,FALSE) -> #N/A | H162: =VLOOKUP(B85, 'Формулы'!L24:CA26, 11,FALSE) -> 3 | I162: =VLOOKUP(B85, 'Формулы'!L24:CA26, 12,FALSE) -> 6 | J162: =VLOOKUP(B85, 'Формулы'!L24:CA26, 13,FALSE) -> #N/A | K162: =VLOOKUP(B85, 'Формулы'!L24:CA26, 14,FALSE) -> 1 | L162: =VLOOKUP(B85, 'Формулы'!L24:CA26, 15,FALSE) -> 4 | N162: =VLOOKUP(B85, 'Формулы'!L24:CA26, 17,FALSE) -> #N/A | O162: =VLOOKUP(B85, 'Формулы'!L24:CA26, 18,FALSE) -> 3 | P162: =VLOOKUP(B85, 'Формулы'!L24:CA26, 19,FALSE) -> 5 | Q162: =VLOOKUP(B85, 'Формулы'!L24:CA26, 20,FALSE) -> #N/A | R162: =VLOOKUP(B85, 'Формулы'!L24:CA26, 21,FALSE) -> 1 | S162: =VLOOKUP($B$85, 'Формулы'!$L$24:$CA$26, 22,FALSE) -> 3 | U162: =VLOOKUP($B$85, 'Формулы'!$L$24:$CA$26, 24,FALSE) -> #N/A | V162: =VLOOKUP($B$85, 'Формулы'!$L$24:$CA$26, 25,FALSE) -> 3 | W162: =VLOOKUP($B$85, 'Формулы'!$L$24:$CA$26, 26,FALSE) -> 4
B163: =B120 -> Подъём штанги на бицепс | C163: =VLOOKUP(B86, 'Формулы'!L33:CA34, 6,FALSE) -> #N/A | D163: =VLOOKUP(B86, 'Формулы'!L33:CA34, 7,FALSE) -> 3 | E163: =VLOOKUP(B86, 'Формулы'!L33:CA34, 8,FALSE) -> 5 | G163: =VLOOKUP(B86, 'Формулы'!L33:CA34, 10,FALSE) -> #N/A | H163: =VLOOKUP(B86, 'Формулы'!L33:CA34, 11,FALSE) -> 3 | I163: =VLOOKUP(B86, 'Формулы'!L33:CA34, 12,FALSE) -> 6 | J163: =VLOOKUP(B86, 'Формулы'!L33:CA34, 13,FALSE) -> #N/A | K163: =VLOOKUP(B86, 'Формулы'!L33:CA34, 14,FALSE) -> 3 | L163: =VLOOKUP(B86, 'Формулы'!L33:CA34, 15,FALSE) -> 5 | N163: =VLOOKUP(B86, 'Формулы'!L33:CA34, 17,FALSE) -> #N/A | O163: =VLOOKUP(B86, 'Формулы'!L33:CA34, 18,FALSE) -> 3 | P163: =VLOOKUP(B86, 'Формулы'!L33:CA34, 19,FALSE) -> 6 | Q163: =VLOOKUP(B86, 'Формулы'!L33:CA34, 20,FALSE) -> #N/A | R163: =VLOOKUP(B86, 'Формулы'!L33:CA34, 21,FALSE) -> 3 | S163: =VLOOKUP(B86, 'Формулы'!L33:CA34, 22,FALSE) -> 5 | U163: =VLOOKUP(B86, 'Формулы'!L33:CA34, 24,FALSE) -> #N/A | V163: =VLOOKUP(B86, 'Формулы'!L33:CA34, 25,FALSE) -> 3 | W163: =VLOOKUP(B86, 'Формулы'!L33:CA34, 26,FALSE) -> 6
B164: =B121 -> Жим штанги лёжа | C164: =VLOOKUP(B87, 'Формулы'!L28:CA30, 6,FALSE) -> #N/A | D164: =VLOOKUP(B87, 'Формулы'!L28:CA30, 7,FALSE) -> 1 | E164: =VLOOKUP(B87, 'Формулы'!L28:CA30, 8,FALSE) -> 5 | G164: =VLOOKUP(B87, 'Формулы'!L28:CA30, 10,FALSE) -> #N/A | H164: =VLOOKUP(B87, 'Формулы'!L28:CA30, 11,FALSE) -> 3 | I164: =VLOOKUP(B87, 'Формулы'!L28:CA30, 12,FALSE) -> 6 | J164: =VLOOKUP(B87, 'Формулы'!L28:CA30, 13,FALSE) -> #N/A | K164: =VLOOKUP(B87, 'Формулы'!L28:CA30, 14,FALSE) -> 1 | L164: =VLOOKUP(B87, 'Формулы'!L28:CA30, 15,FALSE) -> 4 | N164: =VLOOKUP(B87, 'Формулы'!L28:CA30, 17,FALSE) -> #N/A | O164: =VLOOKUP(B87, 'Формулы'!L28:CA30, 18,FALSE) -> 3 | P164: =VLOOKUP(B87, 'Формулы'!L28:CA30, 19,FALSE) -> 5 | Q164: =VLOOKUP(B87, 'Формулы'!L28:CA30, 20,FALSE) -> #N/A | R164: =VLOOKUP(B87, 'Формулы'!L28:CA30, 21,FALSE) -> 1 | S164: =VLOOKUP(B87, 'Формулы'!L28:CA30, 22,FALSE) -> 3 | U164: =VLOOKUP(B87, 'Формулы'!L28:CA30, 24,FALSE) -> #N/A | V164: =VLOOKUP(B87, 'Формулы'!L28:CA30, 25,FALSE) -> 3 | W164: =VLOOKUP(B87, 'Формулы'!L28:CA30, 26,FALSE) -> 4
B165: =B122 -> Разгибания рук на блоке | C165: =VLOOKUP(B88, 'Формулы'!L36:CA38, 6,FALSE) -> #N/A | D165: =VLOOKUP(B88, 'Формулы'!L36:CA38, 7,FALSE) -> 3 | E165: =VLOOKUP(B88, 'Формулы'!L36:CA38, 8,FALSE) -> 10 | G165: =VLOOKUP(B88, 'Формулы'!L36:CA38, 10,FALSE) -> #N/A | H165: =VLOOKUP(B88, 'Формулы'!L36:CA38, 11,FALSE) -> 1 | I165: =VLOOKUP(B88, 'Формулы'!L36:CA38, 12,FALSE) -> до отказа | J165: =VLOOKUP(B88, 'Формулы'!L36:CA38, 13,FALSE) -> #N/A | K165: =VLOOKUP(B88, 'Формулы'!L36:CA38, 14,FALSE) -> 3 | L165: =VLOOKUP(B88, 'Формулы'!L36:CA38, 15,FALSE) -> 10 | N165: =VLOOKUP(B88, 'Формулы'!L36:CA38, 17,FALSE) -> #N/A | O165: =VLOOKUP(B88, 'Формулы'!L36:CA38, 18,FALSE) -> 1 | P165: =VLOOKUP(B88, 'Формулы'!L36:CA38, 19,FALSE) -> до отказа | Q165: =VLOOKUP(B88, 'Формулы'!L36:CA38, 20,FALSE) -> #N/A | R165: =VLOOKUP(B88, 'Формулы'!L36:CA38, 21,FALSE) -> 3 | S165: =VLOOKUP(B88, 'Формулы'!L36:CA38, 22,FALSE) -> 10 | U165: =VLOOKUP(B88, 'Формулы'!L36:CA38, 24,FALSE) -> #N/A | V165: =VLOOKUP(B88, 'Формулы'!L36:CA38, 25,FALSE) -> 1 | W165: =VLOOKUP(B88, 'Формулы'!L36:CA38, 26,FALSE) -> до отказа
B166: =IF(B123="+", "", B123) | C166: =IF(B89='Формулы'!L63,"",VLOOKUP(B89,'Формулы'!L39:CA41,6,FALSE)) | D166: =IF(B89='Формулы'!L63,"",VLOOKUP(B89,'Формулы'!L39:CA41,7,FALSE)) | E166: =IF(B89='Формулы'!L63,"",VLOOKUP(B89,'Формулы'!L39:CA41,8,FALSE)) | G166: =IF(B89='Формулы'!L63,"",VLOOKUP(B89,'Формулы'!L39:CA41,10,FALSE)) | H166: =IF(B89='Формулы'!L63,"",VLOOKUP(B89,'Формулы'!L39:CA41,11,FALSE)) | I166: =IF(B89='Формулы'!L63,"",VLOOKUP(B89,'Формулы'!L39:CA41,12,FALSE)) | J166: =IF(B89='Формулы'!L63,"",VLOOKUP(B89,'Формулы'!L39:CA41,13,FALSE)) | K166: =IF(B89='Формулы'!L63,"",VLOOKUP(B89,'Формулы'!L39:CA41,14,FALSE)) | L166: =IF(B89='Формулы'!L63,"",VLOOKUP(B89,'Формулы'!L39:CA41,15,FALSE)) | N166: =IF(B89='Формулы'!L63,"",VLOOKUP(B89,'Формулы'!L39:CA41,17,FALSE)) | O166: =IF(B89='Формулы'!L63,"",VLOOKUP(B89,'Формулы'!L39:CA41,18,FALSE)) | P166: =IF(B89='Формулы'!L63,"",VLOOKUP(B89,'Формулы'!L39:CA41,19,FALSE)) | Q166: =IF(B89='Формулы'!L63,"",VLOOKUP(B89,'Формулы'!L39:CA41,20,FALSE)) | R166: =IF(B89='Формулы'!L63,"",VLOOKUP(B89,'Формулы'!L39:CA41,21,FALSE)) | S166: =IF(B89='Формулы'!L63,"",VLOOKUP(B89,'Формулы'!L39:CA41,22,FALSE)) | U166: =IF(B89='Формулы'!L63,"",VLOOKUP(B89,'Формулы'!L39:CA41,24,FALSE)) | V166: =IF(B89='Формулы'!L63,"",VLOOKUP(B89,'Формулы'!L39:CA41,25,FALSE)) | W166: =IF(B89='Формулы'!L63,"",VLOOKUP(B89,'Формулы'!L39:CA41,26,FALSE))
B169: День 3: | C169: Вес | D169: Подходы | E169: Повторения | F169: RPE | G169: Вес | H169: Подходы | I169: Повторения | J169: Вес | K169: Подходы | L169: Повторения | M169: RPE | N169: Вес | O169: Подходы | P169: Повторения | Q169: Вес | R169: Подходы | S169: Повторения | T169: RPE | U169: Вес | V169: Подходы | W169: Повторения
B170: =B127 -> Приседания в колодец | C170: =VLOOKUP(B93, 'Формулы'!L17:CA19, 6,FALSE) -> #N/A | D170: =VLOOKUP(B93, 'Формулы'!L17:CA19, 7,FALSE) -> 3 | E170: =VLOOKUP(B93, 'Формулы'!L17:CA19, 8,FALSE) -> 5 | G170: =VLOOKUP(B93, 'Формулы'!L17:CA19, 10,FALSE) -> #N/A | H170: =VLOOKUP(B93, 'Формулы'!L17:CA19, 11,FALSE) -> 3 | I170: =VLOOKUP(B93, 'Формулы'!L17:CA19, 12,FALSE) -> 6 | J170: =VLOOKUP(B93, 'Формулы'!L17:CA19, 13,FALSE) -> #N/A | K170: =VLOOKUP(B93, 'Формулы'!L17:CA19, 14,FALSE) -> 3 | L170: =VLOOKUP(B93, 'Формулы'!L17:CA19, 15,FALSE) -> 5 | N170: =VLOOKUP(B93, 'Формулы'!L17:CA19, 17,FALSE) -> #N/A | O170: =VLOOKUP(B93, 'Формулы'!L17:CA19, 18,FALSE) -> 3 | P170: =VLOOKUP(B93, 'Формулы'!L17:CA19, 19,FALSE) -> 6 | Q170: =VLOOKUP(B93, 'Формулы'!L17:CA19, 20,FALSE) -> #N/A | R170: =VLOOKUP(B93, 'Формулы'!L17:CA19, 21,FALSE) -> 3 | S170: =VLOOKUP(B93, 'Формулы'!L17:CA19, 22,FALSE) -> 5 | U170: =VLOOKUP(B93, 'Формулы'!L17:CA19, 24,FALSE) -> #N/A | V170: =VLOOKUP(B93, 'Формулы'!L17:CA19, 25,FALSE) -> 3 | W170: =VLOOKUP(B93, 'Формулы'!L17:CA19, 26,FALSE) -> 6
B171: =B128 -> Жим гантелей сидя | C171: =VLOOKUP(B94, 'Формулы'!L44:CA45, 6,FALSE) -> #N/A | D171: =VLOOKUP(B94, 'Формулы'!L44:CA45, 7,FALSE) -> 3 | E171: =VLOOKUP(B94, 'Формулы'!L44:CA45, 8,FALSE) -> 6 | G171: =VLOOKUP(B94, 'Формулы'!L44:CA45, 10,FALSE) -> #N/A | H171: =VLOOKUP(B94, 'Формулы'!L44:CA45, 11,FALSE) -> 1 | I171: =VLOOKUP(B94, 'Формулы'!L44:CA45, 12,FALSE) -> до отказа | J171: =VLOOKUP(B94, 'Формулы'!L44:CA45, 13,FALSE) -> #N/A | K171: =VLOOKUP(B94, 'Формулы'!L44:CA45, 14,FALSE) -> 3 | L171: =VLOOKUP(B94, 'Формулы'!L44:CA45, 15,FALSE) -> 6 | N171: =VLOOKUP(B94, 'Формулы'!L44:CA45, 17,FALSE) -> #N/A | O171: =VLOOKUP(B94, 'Формулы'!L44:CA45, 18,FALSE) -> 1 | P171: =VLOOKUP(B94, 'Формулы'!L44:CA45, 19,FALSE) -> до отказа | Q171: =VLOOKUP(B94, 'Формулы'!L44:CA45, 20,FALSE) -> #N/A | R171: =VLOOKUP(B94, 'Формулы'!L44:CA45, 21,FALSE) -> 3 | S171: =VLOOKUP(B94, 'Формулы'!L44:CA45, 22,FALSE) -> 6 | U171: =VLOOKUP(B94, 'Формулы'!L44:CA45, 24,FALSE) -> #N/A | V171: =VLOOKUP(B94, 'Формулы'!L44:CA45, 25,FALSE) -> 1 | W171: =VLOOKUP(B94, 'Формулы'!L44:CA45, 26,FALSE) -> до отказа
B172: =B129 -> Тяга штанги в наклоне | C172: =VLOOKUP(B95, 'Формулы'!L48:CA50, 6,FALSE) -> #N/A | D172: =VLOOKUP(B95, 'Формулы'!L48:CA50, 7,FALSE) -> 3 | E172: =VLOOKUP(B95, 'Формулы'!L48:CA50, 8,FALSE) -> 5 | G172: =VLOOKUP(B95, 'Формулы'!L48:CA50, 10,FALSE) -> #N/A | H172: =VLOOKUP(B95, 'Формулы'!L48:CA50, 11,FALSE) -> 3 | I172: =VLOOKUP(B95, 'Формулы'!L48:CA50, 12,FALSE) -> 6 | J172: =VLOOKUP(B95, 'Формулы'!L48:CA50, 13,FALSE) -> #N/A | K172: =VLOOKUP(B95, 'Формулы'!L48:CA50, 14,FALSE) -> 3 | L172: =VLOOKUP(B95, 'Формулы'!L48:CA50, 15,FALSE) -> 5 | N172: =VLOOKUP(B95, 'Формулы'!L48:CA50, 17,FALSE) -> #N/A | O172: =VLOOKUP(B95, 'Формулы'!L48:CA50, 18,FALSE) -> 3 | P172: =VLOOKUP(B95, 'Формулы'!L48:CA50, 19,FALSE) -> 6 | Q172: =VLOOKUP(B95, 'Формулы'!L48:CA50, 20,FALSE) -> #N/A | R172: =VLOOKUP(B95, 'Формулы'!L48:CA50, 21,FALSE) -> 3 | S172: =VLOOKUP(B95, 'Формулы'!L48:CA50, 22,FALSE) -> 5 | U172: =VLOOKUP(B95, 'Формулы'!L48:CA50, 24,FALSE) -> #N/A | V172: =VLOOKUP(B95, 'Формулы'!L48:CA50, 25,FALSE) -> 3 | W172: =VLOOKUP(B95, 'Формулы'!L48:CA50, 26,FALSE) -> 6
B173: =B130 -> Подтягивания (собственный вес) | C173: =VLOOKUP(B96, 'Формулы'!L59:CA61, 6,FALSE) -> собств. | D173: =VLOOKUP(B96, 'Формулы'!L59:CA61, 7,FALSE) -> 1 | E173: =VLOOKUP(B96, 'Формулы'!L59:CA61, 8,FALSE) -> -2 | G173: =VLOOKUP(B96, 'Формулы'!L59:CA61, 10,FALSE) -> собств. | H173: =VLOOKUP(B96, 'Формулы'!L59:CA61, 11,FALSE) -> 4 | I173: =VLOOKUP(B96, 'Формулы'!L59:CA61, 12,FALSE) -> 5 | J173: =VLOOKUP(B96, 'Формулы'!L59:CA61, 13,FALSE) -> собств. | K173: =VLOOKUP(B96, 'Формулы'!L59:CA61, 14,FALSE) -> 1 | L173: =VLOOKUP(B96, 'Формулы'!L59:CA61, 15,FALSE) -> 7 | N173: =VLOOKUP(B96, 'Формулы'!L59:CA61, 17,FALSE) -> собств. | O173: =VLOOKUP(B96, 'Формулы'!L59:CA61, 18,FALSE) -> 4 | P173: =VLOOKUP(B96, 'Формулы'!L59:CA61, 19,FALSE) -> 15 | Q173: =VLOOKUP(B96, 'Формулы'!L59:CA61, 20,FALSE) -> собств. | R173: =VLOOKUP(B96, 'Формулы'!L59:CA61, 21,FALSE) -> 1 | S173: =VLOOKUP(B96, 'Формулы'!L59:CA61, 22,FALSE) -> 17 | U173: =VLOOKUP(B96, 'Формулы'!L59:CA61, 24,FALSE) -> собств. | V173: =VLOOKUP(B96, 'Формулы'!L59:CA61, 25,FALSE) -> 3 | W173: =VLOOKUP(B96, 'Формулы'!L59:CA61, 26,FALSE) -> 25
B174: =IF(B97="+", "", B97) | C174: =IF(B97='Формулы'!L63,"",VLOOKUP(B97,'Формулы'!L63:CA65,6,FALSE)) | D174: =IF(B97='Формулы'!L63,"",VLOOKUP(B97,'Формулы'!L63:CA65,7,FALSE)) | E174: =IF(B97='Формулы'!L63,"",VLOOKUP(B97,'Формулы'!L63:CA65,8,FALSE)) | G174: =IF(B97='Формулы'!L63,"",VLOOKUP(B97,'Формулы'!L63:CA65,10,FALSE)) | H174: =IF(B97='Формулы'!L63,"",VLOOKUP(B97,'Формулы'!L63:CA65,11,FALSE)) | I174: =IF(B97='Формулы'!L63,"",VLOOKUP(B97,'Формулы'!L63:CA65,12,FALSE)) | J174: =IF(B97='Формулы'!L63,"",VLOOKUP(B97,'Формулы'!L63:CA65,13,FALSE)) | K174: =IF(B97='Формулы'!L63,"",VLOOKUP(B97,'Формулы'!L63:CA65,14,FALSE)) | L174: =IF(B97='Формулы'!L63,"",VLOOKUP(B97,'Формулы'!L63:CA65,15,FALSE)) | N174: =IF(B97='Формулы'!L63,"",VLOOKUP(B97,'Формулы'!L63:CA65,17,FALSE)) | O174: =IF(B97='Формулы'!L63,"",VLOOKUP(B97,'Формулы'!L63:CA65,18,FALSE)) | P174: =IF(B97='Формулы'!L63,"",VLOOKUP(B97,'Формулы'!L63:CA65,19,FALSE)) | Q174: =IF(B97='Формулы'!L63,"",VLOOKUP(B97,'Формулы'!L63:CA65,20,FALSE)) | R174: =IF(B97='Формулы'!L63,"",VLOOKUP(B97,'Формулы'!L63:CA65,21,FALSE)) | S174: =IF(B97='Формулы'!L63,"",VLOOKUP(B97,'Формулы'!L63:CA65,22,FALSE)) | U174: =IF(B97='Формулы'!L63,"",VLOOKUP(B97,'Формулы'!L63:CA65,24,FALSE)) | V174: =IF(B97='Формулы'!L63,"",VLOOKUP(B97,'Формулы'!L63:CA65,25,FALSE)) | W174: =IF(B97='Формулы'!L63,"",VLOOKUP(B97,'Формулы'!L63:CA65,26,FALSE))
C177: МЕЗОЦИКЛ 2
C179: Неделя 4 | J179: Неделя 5 | Q179: Неделя 6
B180: День 1: | C180: Вес | D180: Подходы | E180: Повторения | F180: RPE | G180: Вес | H180: Подходы | I180: Повторения | J180: Вес | K180: Подходы | L180: Повторения | M180: RPE | N180: Вес | O180: Подходы | P180: Повторения | Q180: Вес | R180: Подходы | S180: Повторения | T180: RPE | U180: Вес | V180: Подходы | W180: Повторения
B181: =B154 -> Жим штанги лёжа | C181: =VLOOKUP(B77, 'Формулы'!L9:CA11, 27,FALSE) -> #N/A | D181: =VLOOKUP(B77, 'Формулы'!L9:CA11, 28,FALSE) -> 1 | E181: =VLOOKUP(B77, 'Формулы'!L9:CA11, 29,FALSE) -> 2 | G181: =VLOOKUP(B77, 'Формулы'!L9:CA11, 31,FALSE) -> #N/A | H181: =VLOOKUP(B77, 'Формулы'!L9:CA11, 32,FALSE) -> 3 | I181: =VLOOKUP(B77, 'Формулы'!L9:CA11, 33,FALSE) -> 5 | J181: =VLOOKUP(B77, 'Формулы'!L9:CA11, 34,FALSE) -> #N/A | K181: =VLOOKUP(B77, 'Формулы'!L9:CA11, 35,FALSE) -> 1 | L181: =VLOOKUP(B77, 'Формулы'!L9:CA11, 36,FALSE) -> 2 | N181: =VLOOKUP(B77, 'Формулы'!L9:CA11, 38,FALSE) -> #N/A | O181: =VLOOKUP(B77, 'Формулы'!L9:CA11, 39,FALSE) -> 3 | P181: =VLOOKUP(B77, 'Формулы'!L9:CA11, 40,FALSE) -> 4 | Q181: =VLOOKUP(B77, 'Формулы'!L9:CA11, 41,FALSE) -> #N/A | R181: =VLOOKUP(B77, 'Формулы'!L9:CA11, 42,FALSE) -> 1 | S181: =VLOOKUP(B77, 'Формулы'!L9:CA11, 43,FALSE) -> 2 | U181: =VLOOKUP(B77, 'Формулы'!L9:CA11, 45,FALSE) -> #N/A | V181: =VLOOKUP(B77, 'Формулы'!L9:CA11, 46,FALSE) -> 3 | W181: =VLOOKUP(B77, 'Формулы'!L9:CA11, 47,FALSE) -> 3
B182: =B155 -> Подтягивания (с отягощением) | C182: =VLOOKUP(B78, 'Формулы'!L13:CA15, 27,FALSE) -> #N/A | D182: =VLOOKUP(B78, 'Формулы'!L13:CA15, 28,FALSE) -> 3 | E182: =VLOOKUP(B78, 'Формулы'!L13:CA15, 29,FALSE) -> 2 | G182: =VLOOKUP(B78, 'Формулы'!L13:CA15, 31,FALSE) -> #N/A | H182: =VLOOKUP(B78, 'Формулы'!L13:CA15, 32,FALSE) -> 3 | I182: =VLOOKUP(B78, 'Формулы'!L13:CA15, 33,FALSE) -> 5 | J182: =VLOOKUP(B78, 'Формулы'!L13:CA15, 34,FALSE) -> #N/A | K182: =VLOOKUP(B78, 'Формулы'!L13:CA15, 35,FALSE) -> 3 | L182: =VLOOKUP(B78, 'Формулы'!L13:CA15, 36,FALSE) -> 2 | N182: =VLOOKUP(B78, 'Формулы'!L13:CA15, 38,FALSE) -> #N/A | O182: =VLOOKUP(B78, 'Формулы'!L13:CA15, 39,FALSE) -> 3 | P182: =VLOOKUP(B78, 'Формулы'!L13:CA15, 40,FALSE) -> 4 | Q182: =VLOOKUP(B78, 'Формулы'!L13:CA15, 41,FALSE) -> #N/A | R182: =VLOOKUP(B78, 'Формулы'!L13:CA15, 42,FALSE) -> 3 | S182: =VLOOKUP(B78, 'Формулы'!L13:CA15, 43,FALSE) -> 2 | U182: =VLOOKUP(B78, 'Формулы'!L13:CA15, 45,FALSE) -> #N/A | V182: =VLOOKUP(B78, 'Формулы'!L13:CA15, 46,FALSE) -> 3 | W182: =VLOOKUP(B78, 'Формулы'!L13:CA15, 47,FALSE) -> 3
B183: =B156 -> Жим платформы ногами | C183: =VLOOKUP(B79, 'Формулы'!L54:CA56, 27,FALSE) -> #N/A | D183: =VLOOKUP(B79, 'Формулы'!L54:CA56, 28,FALSE) -> 3 | E183: =VLOOKUP(B79, 'Формулы'!L54:CA56, 29,FALSE) -> 4 | G183: =VLOOKUP(B79, 'Формулы'!L54:CA56, 31,FALSE) -> #N/A | H183: =VLOOKUP(B79, 'Формулы'!L54:CA56, 32,FALSE) -> 3 | I183: =VLOOKUP(B79, 'Формулы'!L54:CA56, 33,FALSE) -> 7 | J183: =VLOOKUP(B79, 'Формулы'!L54:CA56, 34,FALSE) -> #N/A | K183: =VLOOKUP(B79, 'Формулы'!L54:CA56, 35,FALSE) -> 3 | L183: =VLOOKUP(B79, 'Формулы'!L54:CA56, 36,FALSE) -> 4 | N183: =VLOOKUP(B79, 'Формулы'!L54:CA56, 38,FALSE) -> #N/A | O183: =VLOOKUP(B79, 'Формулы'!L54:CA56, 39,FALSE) -> 3 | P183: =VLOOKUP(B79, 'Формулы'!L54:CA56, 40,FALSE) -> 6 | Q183: =VLOOKUP(B79, 'Формулы'!L54:CA56, 41,FALSE) -> #N/A | R183: =VLOOKUP(B79, 'Формулы'!L54:CA56, 42,FALSE) -> 3 | S183: =VLOOKUP(B79, 'Формулы'!L54:CA56, 43,FALSE) -> 4 | U183: =VLOOKUP(B79, 'Формулы'!L54:CA56, 45,FALSE) -> #N/A | V183: =VLOOKUP(B79, 'Формулы'!L54:CA56, 46,FALSE) -> 3 | W183: =VLOOKUP(B79, 'Формулы'!L54:CA56, 47,FALSE) -> 5
B184: =B157 -> Махи с гантелями в стороны | C184: =VLOOKUP($B$80, 'Формулы'!$L$21:$CA$22, 27,FALSE) -> #N/A | D184: =VLOOKUP($B$80, 'Формулы'!$L$21:$CA$22, 28,FALSE) -> 3 | E184: =VLOOKUP($B$80, 'Формулы'!$L$21:$CA$22, 29,FALSE) -> 9 | G184: =VLOOKUP($B$80, 'Формулы'!$L$21:$CA$22, 31,FALSE) -> #N/A | H184: =VLOOKUP(B80, 'Формулы'!L21:CA22, 32,FALSE) -> 1 | I184: =VLOOKUP(B80, 'Формулы'!L21:CA22, 33,FALSE) -> до отказа | J184: =VLOOKUP(B80, 'Формулы'!L21:CA22, 34,FALSE) -> #N/A | K184: =VLOOKUP(B80, 'Формулы'!L21:CA22, 35,FALSE) -> 3 | L184: =VLOOKUP(B80, 'Формулы'!L21:CA22, 36,FALSE) -> 9 | N184: =VLOOKUP(B80, 'Формулы'!L21:CA22, 38,FALSE) -> #N/A | O184: =VLOOKUP(B80, 'Формулы'!L21:CA22, 39,FALSE) -> 1 | P184: =VLOOKUP(B80, 'Формулы'!L21:CA22, 40,FALSE) -> до отказа | Q184: =VLOOKUP(B80, 'Формулы'!L21:CA22, 41,FALSE) -> #N/A | R184: =VLOOKUP(B80, 'Формулы'!L21:CA22, 42,FALSE) -> 3 | S184: =VLOOKUP(B80, 'Формулы'!L21:CA22, 43,FALSE) -> 9 | U184: =VLOOKUP(B80, 'Формулы'!L21:CA22, 45,FALSE) -> #N/A | V184: =VLOOKUP(B80, 'Формулы'!L21:CA22, 46,FALSE) -> 1 | W184: =VLOOKUP(B80, 'Формулы'!L21:CA22, 47,FALSE) -> до отказа
...

Sheet Калькулятор подходов
C4: ПРОХОДКА (ВЫХОД НА 1ПМ) В ЖИМЕ ЛЁЖА ДЛЯ ЖИМА ДО 100 КГ | K4: ПРОХОДКА (ВЫХОД НА 1ПМ) В СТАНОВОЙ ТЯГЕ ДО 200 КГ
C6: Ваш ПМ: | D6: 95 | K6: Ваш ПМ: | L6: 150
D8: Вес | E8: Повт | F8: Время отдыха | L8: Вес | M8: Повт | N8: Время отдыха
C9: 1 подход | D9: 20 | E9: 10 | F9: 1 мин | K9: 1 подход | L9: 60 | M9: 6 | N9: 1-2 мин
C10: 2 подход | D10: =CEILING(D6*0.5,5) -> 50 | E10: 4 | F10: 1 мин | K10: 2 подход | L10: =CEILING(L6*0.5,5) -> 75 | M10: 4 | N10: 1-2 мин
C11: 3 подход | D11: =CEILING(D6*0.65,5) -> 65 | E11: 3 | F11: 2 мин | K11: 3 подход | L11: =CEILING(L6*0.65,5) -> 100 | M11: 3 | N11: 2-3 мин
C12: 4 подход | D12: =CEILING(D6*0.75,5) -> 75 | E12: 2 | F12: 2 мин | K12: 4 подход | L12: =CEILING(L6*0.75,5) -> 115 | M12: 2 | N12: 2-3 мин
C13: 5 подход | D13: =CEILING(D6*0.825,2.5) -> 80 | E13: 1 | F13: 3 мин | K13: 5 подход | L13: =CEILING(L6*0.825,2.5) -> 125 | M13: 1 | N13: 3 мин
C14: 6 подход | D14: =CEILING(D6*0.875,2.5) -> 85 | E14: 1 | F14: 4 мин | K14: 6 подход | L14: =CEILING(L6*0.875,2.5) -> 132.5 | M14: 1 | N14: 4 мин
C15: 7 подход | D15: =CEILING(D6*0.925,2.5) -> 90 | E15: 1 | F15: 5 мин | K15: 7 подход | L15: =CEILING(L6*0.925,2.5) -> 140 | M15: 1 | N15: 5 мин
C16: 8 подход | D16: =FLOOR(D6*0.975,2.5) -> 92.5 | E16: 1 | F16: 5 мин | K16: 8 подход | L16: =FLOOR(L6*0.975,2.5) -> 145 | M16: 1 | N16: 5 мин
C17: 9 подход | D17: =CEILING(D6*1,2.5) -> 95 | E17: 1 | F17: 6 мин | K17: 9 подход | L17: =CEILING(L6*1,2.5) -> 150 | M17: 1 | N17: 6 мин
C21: ПРОХОДКА (ВЫХОД НА 1ПМ) В ЖИМЕ ЛЁЖА ДЛЯ ЖИМА 100-150 кг | K21: ПРОХОДКА (ВЫХОД НА 1ПМ) В СТАНОВОЙ ТЯГЕ 200-250 КГ
C23: Ваш ПМ: | D23: 140 | K23: Ваш ПМ: | L23: 220
D25: Вес | E25: Повт | F25: Время отдыха | L25: Вес | M25: Повт | N25: Время отдыха
C26: 1 подход | D26: 20 | E26: 10 | F26: 1 мин | K26: 1 подход | L26: 70 | M26: 10 | N26: 1-2 мин
C27: 2 подход | D27: =CEILING(D23*0.4,5) -> 60 | E27: 6 | F27: 1 мин | K27: 2 подход | L27: =CEILING(L23*0.4,5) -> 90 | M27: 6 | N27: 1-2 мин
C28: 3 подход | D28: =CEILING(D23*0.55,5) -> 80 | E28: 4 | F28: 2 мин | K28: 3 подход | L28: =CEILING(L23*0.55,5) -> 125 | M28: 4 | N28: 2-3 мин
C29: 4 подход | D29: =CEILING(D23*0.7,5) -> 100 | E29: 2 | F29: 2 мин | K29: 4 подход | L29: =CEILING(L23*0.7,5) -> 155 | M29: 2 | N29: 2-3 мин
C30: 5 подход | D30: =CEILING(D23*0.775,2.5) -> 110 | E30: 1 | F30: 3 мин | K30: 5 подход | L30: =CEILING(L23*0.775,2.5) -> 172.5 | M30: 1 | N30: 3 мин
C31: 6 подход | D31: =CEILING(D23*0.825,2.5) -> 117.5 | E31: 1 | F31: 4 мин | K31: 6 подход | L31: =CEILING(L23*0.825,2.5) -> 182.5 | M31: 1 | N31: 4 мин
C32: 7 подход | D32: =CEILING(D23*0.875,2.5) -> 122.5 | E32: 1 | F32: 5 мин | K32: 7 подход | L32: =CEILING(L23*0.875,2.5) -> 192.5 | M32: 1 | N32: 5 мин
C33: 8 подход | D33: =FLOOR(D23*0.925,2.5) -> 127.5 | E33: 1 | F33: 5 мин | K33: 8 подход | L33: =FLOOR(L23*0.925,2.5) -> 202.5 | M33: 1 | N33: 5 мин
C34: 9 подход | D34: =CEILING(D23*0.95,2.5) -> 135 | E34: 1 | F34: 6 мин | K34: 9 подход | L34: =CEILING(L23*0.95,2.5) -> 210 | M34: 1 | N34: 6 мин
C35: 10 подход | D35: =CEILING(D23*1,2.5) -> 140 | E35: 1 | F35: 6 мин | K35: 10 подход | L35: =CEILING(L23*1,2.5) -> 220 | M35: 1 | N35: 6 мин
C40: ПРОХОДКА (ВЫХОД НА 1ПМ) В ЖИМЕ ЛЁЖА ДЛЯ ЖИМА БОЛЕЕ 150 КГ | K40: ПРОХОДКА (ВЫХОД НА 1ПМ) В СТАНОВОЙ СВЫШЕ 300 КГ
C42: Ваш ПМ: | D42: 150 | K42: Ваш ПМ: | L42: 310
D44: Вес | E44: Повт | F44: Время отдыха | L44: Вес | M44: Повт | N44: Время отдыха
C45: 1 подход | D45: 20 | E45: 10 | F45: 1 мин | K45: 1 подход | L45: 20 | M45: 10 | N45: 1-2 мин
C46: 2 подход | D46: =CEILING(D42*0.4,5) -> 60 | E46: 6 | F46: 1 мин | K46: 2 подход | L46: =CEILING(L42*0.4,5) -> 125 | M46: 6 | N46: 1-2 мин
C47: 3 подход | D47: =CEILING(D42*0.55,5) -> 85 | E47: 4 | F47: 2 мин | K47: 3 подход | L47: =CEILING(L42*0.55,5) -> 175 | M47: 4 | N47: 2-3 мин
C48: 4 подход | D48: =CEILING(D42*0.65,5) -> 100 | E48: 3 | F48: 2 мин | K48: 4 подход | L48: =CEILING(L42*0.65,5) -> 205 | M48: 3 | N48: 2-3 мин
C49: 5 подход | D49: =CEILING(D42*0.75,2.5) -> 112.5 | E49: 2 | F49: 3 мин | K49: 5 подход | L49: =CEILING(L42*0.75,2.5) -> 232.5 | M49: 2 | N49: 3 мин
C50: 6 подход | D50: =CEILING(D42*0.8,2.5) -> 120 | E50: 1 | F50: 4 мин | K50: 6 подход | L50: =CEILING(L42*0.8,2.5) -> 250 | M50: 1 | N50: 4 мин
C51: 7 подход | D51: =CEILING(D42*0.85,2.5) -> 127.5 | E51: 1 | F51: 5 мин | K51: 7 подход | L51: =CEILING(L42*0.85,2.5) -> 265 | M51: 1 | N51: 5 мин
C52: 8 подход | D52: =FLOOR(D42*0.9,2.5) -> 135 | E52: 1 | F52: 5 мин | K52: 8 подход | L52: =FLOOR(L42*0.9,2.5) -> 277.5 | M52: 1 | N52: 5 мин
C53: 9 подход | D53: =CEILING(D42*0.925,2.5) -> 140 | E53: 1 | F53: 6 мин | K53: 9 подход | L53: =CEILING(L42*0.925,2.5) -> 287.5 | M53: 1 | N53: 6 мин
C54: 10 подход | D54: =CEILING(D42*0.95,2.5) -> 142.5 | E54: 1 | F54: 6 мин | K54: 10 подход | L54: =CEILING(L42*0.95,2.5) -> 295 | M54: 1 | N54: 6 мин
C55: 11 подход | D55: =CEILING(D42*0.975,2.5) -> 147.5 | E55: 1 | F55: 6 мин | K55: 11 подход | L55: =CEILING(L42*0.975,2.5) -> 302.5 | M55: 1 | N55: 6 мин
C56: 12 подход | D56: =CEILING(D42*1,2.5) -> 150 | E56: 1 | F56: 6 мин | K56: 12 подход | L56: =CEILING(L42*1,2.5) -> 310 | M56: 1 | N56: 6 мин

Sheet Формулы
M3: 100
N7: Введите свой 4-7ПМ в ячейки: | Q7: Неделя 1 | X7: Неделя 2 | AE7: Неделя 3 | AL7: Неделя 4 | AS7: Неделя 5 | AZ7: Неделя 6 | BG7: Неделя 7 | BN7: Неделя 8 | BU7: Неделя 9
N8: вес (кг) ↓ | O8: ПМ (повт до отказа)↓ | P8: Округл ↓: | Q8: Вес | R8: Подх | S8: Повт | T8: RPE | U8: Вес | V8: Подх | W8: Повт | X8: Вес | Y8: Подх | Z8: Повт | AA8: RPE | AB8: Вес | AC8: Подх | AD8: Повт | AE8: Вес | AF8: Подх | AG8: Повт | AH8: RPE | AI8: Вес | AJ8: Подх | AK8: Повт | AL8: Вес | AM8: Подх | AN8: Повт | AO8: RPE | AP8: Вес | AQ8: Подх | AR8: Повт | AS8: Вес | AT8: Подх | AU8: Повт | AV8: RPE | AW8: Вес | AX8: Подх | AY8: Повт | AZ8: Вес | BA8: Подх | BB8: Повт | BC8: RPE | BD8: Вес | BE8: Подх | BF8: Повт | BG8: Вес | BH8: Подх | BI8: Повт | BJ8: RPE | BK8: Вес | BL8: Подх | BM8: Повт | BN8: Вес | BO8: Подх | BP8: Повт | BQ8: RPE | BR8: Вес | BS8: Подх | BT8: Повт | BU8: Вес | BV8: Подх | BW8: Повт | BX8: RPE | BY8: Вес | BZ8: Подх | CA8: Повт
L9: Жим штанги лёжа | N9: ='Программа тренировок '!C111 | O9: ='Программа тренировок '!D111 | P9: ='Формулы'!I11 -> 2.5 | Q9: =MROUND(N9/INDEX($O$93:$X$100,MATCH(10,$N$93:$N$100,0),MATCH(O9,$O$92:$X$92,0))*0.83,P9) -> #N/A | R9: =IF('Программа тренировок '!B111='Программа тренировок '!B121, 1, 3) -> 1 | S9: 3 | T9: ='Программа тренировок '!F154 | U9: =MROUND(Q9/INDEX($O$93:$X$100,MATCH(T9,$N$93:$N$100,0),MATCH(S9,$O$92:$X$92,0))*0.75,P9) -> #N/A | V9: 3 | W9: 6 | X9: =MROUND(Q9/INDEX($O$93:$X$100,MATCH(T9,$N$93:$N$100,0),MATCH(S9,$O$92:$X$92,0))*0.86,P9) -> #N/A | Y9: =IF('Программа тренировок '!B111='Программа тренировок '!B121, 1, 3) -> 1 | Z9: 3 | AA9: ='Программа тренировок '!M154 | AB9: =MROUND(X9/INDEX($O$93:$X$100,MATCH(AA9,$N$93:$N$100,0),MATCH(Z9,$O$92:$X$92,0))*0.8,P9) -> #N/A | AC9: 3 | AD9: 5 | AE9: =MROUND(X9/INDEX($O$93:$X$100,MATCH(AA9,$N$93:$N$100,0),MATCH(Z9,$O$92:$X$92,0))*0.9,P9) -> #N/A | AF9: =IF('Программа тренировок '!B111='Программа тренировок '!B121, 1, 3) -> 1 | AG9: 3 | AH9: ='Программа тренировок '!T154 | AI9: {=MROUND(AE9/INDEX($O$93:$X$100,MATCH(AH9,$N$93:$N$100,0),MATCH(AG9,$O$92:$X$92,0))*0.84,P9)} -> #N/A | AJ9: 3 | AK9: 4 | AL9: =MROUND(AE9/INDEX($O$93:$X$100,MATCH(AH9,$N$93:$N$100,0),MATCH(AG9,$O$92:$X$92,0))*0.86,P9) -> #N/A | AM9: =IF('Программа тренировок '!B111='Программа тренировок '!B121, 1, 3) -> 1 | AN9: 2 | AO9: ='Программа тренировок '!F181 | AP9: =MROUND(AL9/INDEX($O$93:$X$100,MATCH(AO9,$N$93:$N$100,0),MATCH(AN9,$O$92:$X$92,0))*0.79,P9) -> #N/A | AQ9: 3 | AR9: 5 | AS9: =MROUND(AL9/INDEX($O$93:$X$100,MATCH(AO9,$N$93:$N$100,0),MATCH(AN9,$O$92:$X$92,0))*0.89,P9) -> #N/A | AT9: =IF('Программа тренировок '!B111='Программа тренировок '!B121, 1, 3) -> 1 | AU9: 2 | AV9: ='Программа тренировок '!M181 | AW9: =MROUND(AS9/INDEX($O$93:$X$100,MATCH(AV9,$N$93:$N$100,0),MATCH(AU9,$O$92:$X$92,0))*0.82,P9) -> #N/A | AX9: 3 | AY9: 4 | AZ9: =MROUND(AS9/INDEX($O$93:$X$100,MATCH(AV9,$N$93:$N$100,0),MATCH(AU9,$O$92:$X$92,0))*0.92,P9) -> #N/A | BA9: =IF('Программа тренировок '!B111='Программа тренировок '!B121, 1, 3) -> 1 | BB9: 2 | BC9: ='Программа тренировок '!T181 | BD9: =MROUND(AZ9/INDEX($O$93:$X$100,MATCH(BC9,$N$93:$N$100,0),MATCH(BB9,$O$92:$X$92,0))*0.86,P9) -> #N/A | BE9: 3 | BF9: 3 | BG9: =MROUND(AZ9/INDEX($O$93:$X$100,MATCH(BC9,$N$93:$N$100,0),MATCH(BB9,$O$92:$X$92,0))*0.91,P9) -> #N/A | BH9: =IF('Программа тренировок '!B111='Программа тренировок '!B121, 1, 3) -> 1 | BI9: 1 | BJ9: ='Программа тренировок '!F208 | BK9: =MROUND(BG9/INDEX($O$93:$X$100,MATCH(BJ9,$N$93:$N$100,0),MATCH(BI9,$O$92:$X$92,0))*0.81,P9) -> #N/A | BL9: 3 | BM9: 4 | BN9: =MROUND(BG9/INDEX($O$93:$X$100,MATCH(BJ9,$N$93:$N$100,0),MATCH(BI9,$O$92:$X$92,0))*0.94,P9) -> #N/A | BO9: =IF('Программа тренировок '!B111='Программа тренировок '!B121, 1, 3) -> 1 | BP9: 1 | BQ9: ='Программа тренировок '!M208 | BR9: =MROUND(BN9/INDEX($O$93:$X$100,MATCH(BQ9,$N$93:$N$100,0),MATCH(BP9,$O$92:$X$92,0))*0.84,P9) -> #N/A | BS9: 3 | BT9: 3 | BU9: =MROUND(BN9/INDEX($O$93:$X$100,MATCH(BQ9,$N$93:$N$100,0),MATCH(BP9,$O$92:$X$92,0))*0.97,P9) -> #N/A | BV9: =IF('Программа тренировок '!B111='Программа тренировок '!B121, 1, 3) -> 1 | BW9: 1 | BX9: ='Программа тренировок '!T208 | BY9: =MROUND(BU9/INDEX($O$93:$X$100,MATCH(BX9,$N$93:$N$100,0),MATCH(BW9,$O$92:$X$92,0))*0.89,P9) -> #N/A | BZ9: 3 | CA9: 2
I10: Округлить до↓ | L10: Отжимания на брусьях (с доп весом) | N10: ='Программа тренировок '!C111 | O10: ='Программа тренировок '!D111 | P10: ='Формулы'!I11 -> 2.5 | Q10: =MROUND(N10/INDEX($O$93:$X$100,MATCH(10,$N$93:$N$100,0),MATCH(O10,$O$92:$X$92,0))*0.83,P10) -> #N/A | R10: 3 | S10: 3 | T10: ='Программа тренировок '!F154 | U10: =MROUND(Q10/INDEX($O$93:$X$100,MATCH(T10,$N$93:$N$100,0),MATCH(S10,$O$92:$X$92,0))*0.75,P10) -> #N/A | V10: 3 | W10: 6 | X10: =MROUND(Q10/INDEX($O$93:$X$100,MATCH(T10,$N$93:$N$100,0),MATCH(S10,$O$92:$X$92,0))*0.86,P10) -> #N/A | Y10: 3 | Z10: 3 | AA10: ='Программа тренировок '!M154 | AB10: =MROUND(X10/INDEX($O$93:$X$100,MATCH(AA10,$N$93:$N$100,0),MATCH(Z10,$O$92:$X$92,0))*0.8,P10) -> #N/A | AC10: 3 | AD10: 5 | AE10: =MROUND(X10/INDEX($O$93:$X$100,MATCH(AA10,$N$93:$N$100,0),MATCH(Z10,$O$92:$X$92,0))*0.9,P10) -> #N/A | AF10: 3 | AG10: 3 | AH10: ='Программа тренировок '!T154 | AI10: =MROUND(AE10/INDEX($O$93:$X$100,MATCH(AH10,$N$93:$N$100,0),MATCH(AG10,$O$92:$X$92,0))*0.85,P10) -> #N/A | AJ10: 3 | AK10: 4 | AL10: =MROUND(AE10/INDEX($O$93:$X$100,MATCH(AH10,$N$93:$N$100,0),MATCH(AG10,$O$92:$X$92,0))*0.86,P10) -> #N/A | AM10: 3 | AN10: 2 | AO10: ='Программа тренировок '!F181 | AP10: =MROUND(AL10/INDEX($O$93:$X$100,MATCH(AO10,$N$93:$N$100,0),MATCH(AN10,$O$92:$X$92,0))*0.79,P10) -> #N/A | AQ10: 3 | AR10: 5 | AS10: =MROUND(AL10/INDEX($O$93:$X$100,MATCH(AO10,$N$93:$N$100,0),MATCH(AN10,$O$92:$X$92,0))*0.89,P10) -> #N/A | AT10: 3 | AU10: 2 | AV10: ='Программа тренировок '!M181 | AW10: =MROUND(AS10/INDEX($O$93:$X$100,MATCH(AV10,$N$93:$N$100,0),MATCH(AU10,$O$92:$X$92,0))*0.82,P10) -> #N/A | AX10: 3 | AY10: 4 | AZ10: =MROUND(AS10/INDEX($O$93:$X$100,MATCH(AV10,$N$93:$N$100,0),MATCH(AU10,$O$92:$X$92,0))*0.92,P10) -> #N/A | BA10: 3 | BB10: 2 | BC10: ='Программа тренировок '!T181 | BD10: =MROUND(AZ10/INDEX($O$93:$X$100,MATCH(BC10,$N$93:$N$100,0),MATCH(BB10,$O$92:$X$92,0))*0.86,P10) -> #N/A | BE10: 3 | BF10: 3 | BG10: =MROUND(AZ10/INDEX($O$93:$X$100,MATCH(BC10,$N$93:$N$100,0),MATCH(BB10,$O$92:$X$92,0))*0.91,P10) -> #N/A | BH10: 3 | BI10: 1 | BJ10: ='Программа тренировок '!F208 | BK10: =MROUND(BG10/INDEX($O$93:$X$100,MATCH(BJ10,$N$93:$N$100,0),MATCH(BI10,$O$92:$X$92,0))*0.81,P10) -> #N/A | BL10: 3 | BM10: 4 | BN10: =MROUND(BG10/INDEX($O$93:$X$100,MATCH(BJ10,$N$93:$N$100,0),MATCH(BI10,$O$92:$X$92,0))*0.94,P10) -> #N/A | BO10: 3 | BP10: 1 | BQ10: ='Программа тренировок '!M208 | BR10: =MROUND(BN10/INDEX($O$93:$X$100,MATCH(BQ10,$N$93:$N$100,0),MATCH(BP10,$O$92:$X$92,0))*0.84,P10) -> #N/A | BS10: 3 | BT10: 3 | BU10: =MROUND(BN10/INDEX($O$93:$X$100,MATCH(BQ10,$N$93:$N$100,0),MATCH(BP10,$O$92:$X$92,0))*0.97,P10) -> #N/A | BV10: 3 | BW10: 1 | BX10: ='Программа тренировок '!T208 | BY10: =MROUND(BU10/INDEX($O$93:$X$100,MATCH(BX10,$N$93:$N$100,0),MATCH(BW10,$O$92:$X$92,0))*0.89,P10) -> #N/A | BZ10: 3 | CA10: 2
I11: ='Программа тренировок '!E77 -> 2.5 | L11: Жим штанги лёжа на наклонной скамье | N11: ='Программа тренировок '!C111 | O11: ='Программа тренировок '!D111 | P11: ='Формулы'!I11 -> 2.5 | Q11: {=MROUND(N11/INDEX($O$93:$X$100,MATCH(10,$N$93:$N$100,0),MATCH(O11,$O$92:$X$92,0))*0.8,P11)} -> #N/A | R11: =IF('Программа тренировок '!B111='Программа тренировок '!B121, 1, 3) -> 1 | S11: 5 | T11: ='Программа тренировок '!F154 | U11: =MROUND(Q11/INDEX($O$93:$X$100,MATCH(T11,$N$93:$N$100,0),MATCH(S11,$O$92:$X$92,0))*0.75,P11) -> #N/A | V11: 3 | W11: 6 | X11: {=MROUND(Q11/INDEX($O$93:$X$100,MATCH(T11,$N$93:$N$100,0),MATCH(S11,$O$92:$X$92,0))*0.84,P11)} -> #N/A | Y11: =IF('Программа тренировок '!B111='Программа тренировок '!B121, 1, 3) -> 1 | Z11: 4 | AA11: ='Программа тренировок '!M154 | AB11: =MROUND(X11/INDEX($O$93:$X$100,MATCH(AA11,$N$93:$N$100,0),MATCH(Z11,$O$92:$X$92,0))*0.8,P11) -> #N/A | AC11: 3 | AD11: 5 | AE11: {=MROUND(X11/INDEX($O$93:$X$100,MATCH(AA11,$N$93:$N$100,0),MATCH(Z11,$O$92:$X$92,0))*0.88,P11)} -> #N/A | AF11: =IF('Программа тренировок '!B111='Программа тренировок '!B121, 1, 3) -> 1 | AG11: 3 | AH11: ='Программа тренировок '!T154 | AI11: =MROUND(AE11/INDEX($O$93:$X$100,MATCH(AH11,$N$93:$N$100,0),MATCH(AG11,$O$92:$X$92,0))*0.85,P11) -> #N/A | AJ11: 3 | AK11: 4 | AL11: {=MROUND(AE11/INDEX($O$93:$X$100,MATCH(AH11,$N$93:$N$100,0),MATCH(AG11,$O$92:$X$92,0))*0.82,P11)} -> #N/A | AM11: =IF('Программа тренировок '!B111='Программа тренировок '!B121, 1, 3) -> 1 | AN11: 4 | AO11: ='Программа тренировок '!F181 | AP11: =MROUND(AL11/INDEX($O$93:$X$100,MATCH(AO11,$N$93:$N$100,0),MATCH(AN11,$O$92:$X$92,0))*0.79,P11) -> #N/A | AQ11: 3 | AR11: 5 | AS11: {=MROUND(AL11/INDEX($O$93:$X$100,MATCH(AO11,$N$93:$N$100,0),MATCH(AN11,$O$92:$X$92,0))*0.86,P11)} -> #N/A | AT11: =IF('Программа тренировок '!B111='Программа тренировок '!B121, 1, 3) -> 1 | AU11: 3 | AV11: ='Программа тренировок '!M181 | AW11: =MROUND(AS11/INDEX($O$93:$X$100,MATCH(AV11,$N$93:$N$100,0),MATCH(AU11,$O$92:$X$92,0))*0.82,P11) -> #N/A | AX11: 3 | AY11: 4 | AZ11: =MROUND(AS11/INDEX($O$93:$X$100,MATCH(AV11,$N$93:$N$100,0),MATCH(AU11,$O$92:$X$92,0))*0.92,P11) -> #N/A | BA11: =IF('Программа тренировок '!B111='Программа тренировок '!B121, 1, 3) -> 1 | BB11: 2 | BC11: ='Программа тренировок '!T181 | BD11: =MROUND(AZ11/INDEX($O$93:$X$100,MATCH(BC11,$N$93:$N$100,0),MATCH(BB11,$O$92:$X$92,0))*0.86,P11) -> #N/A | BE11: 3 | BF11: 3 | BG11: {=MROUND(AZ11/INDEX($O$93:$X$100,MATCH(BC11,$N$93:$N$100,0),MATCH(BB11,$O$92:$X$92,0))*0.81,P11)} -> #N/A | BH11: =IF('Программа тренировок '!B111='Программа тренировок '!B121, 1, 3) -> 1 | BI11: 3 | BJ11: ='Программа тренировок '!F208 | BK11: =MROUND(BG11/INDEX($O$93:$X$100,MATCH(BJ11,$N$93:$N$100,0),MATCH(BI11,$O$92:$X$92,0))*0.81,P11) -> #N/A | BL11: 3 | BM11: 4 | BN11: {=MROUND(BG11/INDEX($O$93:$X$100,MATCH(BJ11,$N$93:$N$100,0),MATCH(BI11,$O$92:$X$92,0))*0.89,P11)} -> #N/A | BO11: =IF('Программа тренировок '!B111='Программа тренировок '!B121, 1, 3) -> 1 | BP11: 2 | BQ11: ='Программа тренировок '!M208 | BR11: =MROUND(BN11/INDEX($O$93:$X$100,MATCH(BQ11,$N$93:$N$100,0),MATCH(BP11,$O$92:$X$92,0))*0.84,P11) -> #N/A | BS11: 3 | BT11: 3 | BU11: =MROUND(BN11/INDEX($O$93:$X$100,MATCH(BQ11,$N$93:$N$100,0),MATCH(BP11,$O$92:$X$92,0))*0.97,P11) -> #N/A | BV11: =IF('Программа тренировок '!B111='Программа тренировок '!B121, 1, 3) -> 1 | BW11: 1 | BX11: ='Программа тренировок '!T208 | BY11: =MROUND(BU11/INDEX($O$93:$X$100,MATCH(BX11,$N$93:$N$100,0),MATCH(BW11,$O$92:$X$92,0))*0.89,P11) -> #N/A | BZ11: 3 | CA11: 2
I12: ='Программа тренировок '!E78 -> 2.5
I13: ='Программа тренировок '!E79 -> 5 | L13: Подтягивания (с отягощением) | N13: ='Программа тренировок '!C112 | O13: ='Программа тренировок '!D112 | P13: ='Формулы'!I12 -> 2.5 | Q13: {=MROUND(N13/INDEX($O$93:$X$100,MATCH(10,$N$93:$N$100,0),MATCH(O13,$O$92:$X$92,0))*0.83,P13)} -> #N/A | R13: 3 | S13: 3 | T13: ='Программа тренировок '!F155 | U13: {=MROUND(Q13/INDEX($O$93:$X$100,MATCH(T13,$N$93:$N$100,0),MATCH(S13,$O$92:$X$92,0))*0.75,P13)} -> #N/A | V13: 3 | W13: 6 | X13: {=MROUND(Q13/INDEX($O$93:$X$100,MATCH(T13,$N$93:$N$100,0),MATCH(S13,$O$92:$X$92,0))*0.86,P13)} -> #N/A | Y13: 3 | Z13: 3 | AA13: ='Программа тренировок '!M155 | AB13: {=MROUND(X13/INDEX($O$93:$X$100,MATCH(AA13,$N$93:$N$100,0),MATCH(Z13,$O$92:$X$92,0))*0.8,P13)} -> #N/A | AC13: 3 | AD13: 5 | AE13: {=MROUND(X13/INDEX($O$93:$X$100,MATCH(AA13,$N$93:$N$100,0),MATCH(Z13,$O$92:$X$92,0))*0.9,P13)} -> #N/A | AF13: 3 | AG13: 3 | AH13: ='Программа тренировок '!T155 | AI13: {=MROUND(AE13/INDEX($O$93:$X$100,MATCH(AH13,$N$93:$N$100,0),MATCH(AG13,$O$92:$X$92,0))*0.85,P13)} -> #N/A | AJ13: 3 | AK13: 4 | AL13: {=MROUND(AE13/INDEX($O$93:$X$100,MATCH(AH13,$N$93:$N$100,0),MATCH(AG13,$O$92:$X$92,0))*0.86,P13)} -> #N/A | AM13: 3 | AN13: 2 | AO13: ='Программа тренировок '!F182 | AP13: {=MROUND(AL13/INDEX($O$93:$X$100,MATCH(AO13,$N$93:$N$100,0),MATCH(AN13,$O$92:$X$92,0))*0.79,P13)} -> #N/A | AQ13: 3 | AR13: 5 | AS13: {=MROUND(AL13/INDEX($O$93:$X$100,MATCH(AO13,$N$93:$N$100,0),MATCH(AN13,$O$92:$X$92,0))*0.89,P13)} -> #N/A | AT13: 3 | AU13: 2 | AV13: ='Программа тренировок '!M182 | AW13: {=MROUND(AS13/INDEX($O$93:$X$100,MATCH(AV13,$N$93:$N$100,0),MATCH(AU13,$O$92:$X$92,0))*0.82,P13)} -> #N/A | AX13: 3 | AY13: 4 | AZ13: {=MROUND(AS13/INDEX($O$93:$X$100,MATCH(AV13,$N$93:$N$100,0),MATCH(AU13,$O$92:$X$92,0))*0.92,P13)} -> #N/A | BA13: 3 | BB13: 2 | BC13: ='Программа тренировок '!T182 | BD13: {=MROUND(AZ13/INDEX($O$93:$X$100,MATCH(BC13,$N$93:$N$100,0),MATCH(BB13,$O$92:$X$92,0))*0.86,P13)} -> #N/A | BE13: 3 | BF13: 3 | BG13: {=MROUND(AZ13/INDEX($O$93:$X$100,MATCH(BC13,$N$93:$N$100,0),MATCH(BB13,$O$92:$X$92,0))*0.91,P13)} -> #N/A | BH13: 3 | BI13: 1 | BJ13: ='Программа тренировок '!F209 | BK13: {=MROUND(BG13/INDEX($O$93:$X$100,MATCH(BJ13,$N$93:$N$100,0),MATCH(BI13,$O$92:$X$92,0))*0.81,P13)} -> #N/A | BL13: 3 | BM13: 4 | BN13: {=MROUND(BG13/INDEX($O$93:$X$100,MATCH(BJ13,$N$93:$N$100,0),MATCH(BI13,$O$92:$X$92,0))*0.94,P13)} -> #N/A | BO13: 3 | BP13: 1 | BQ13: ='Программа тренировок '!M209 | BR13: {=MROUND(BN13/INDEX($O$93:$X$100,MATCH(BQ13,$N$93:$N$100,0),MATCH(BP13,$O$92:$X$92,0))*0.84,P13)} -> #N/A | BS13: 3 | BT13: 3 | BU13: {=MROUND(BN13/INDEX($O$93:$X$100,MATCH(BQ13,$N$93:$N$100,0),MATCH(BP13,$O$92:$X$92,0))*0.97,P13)} -> #N/A | BV13: 3 | BW13: 1 | BX13: ='Программа тренировок '!T209 | BY13: {=MROUND(BU13/INDEX($O$93:$X$100,MATCH(BX13,$N$93:$N$100,0),MATCH(BW13,$O$92:$X$92,0))*0.89,P13)} -> #N/A | BZ13: 3 | CA13: 2
I14: ='Программа тренировок '!E80 -> 1 | L14: Подтягивания (собственный вес) | N14: ='Программа тренировок '!C112 | O14: 8 | P14: ='Формулы'!I12 -> 2.5 | Q14: собств. | R14: 1 | S14: =O14-2 -> 6 | T14: ='Программа тренировок '!F155 | U14: собств. | V14: 4 | W14: =FLOOR((10-T14+S14)-3,1) -> 13 | X14: собств. | Y14: 1 | Z14: =FLOOR((10-T14+S14)-1,1) -> 15 | AA14: ='Программа тренировок '!M155 | AB14: собств. | AC14: 4 | AD14: =FLOOR((10-AA14+Z14)-2,1) -> 23 | AE14: собств. | AF14: 1 | AG14: =FLOOR((10-AA14+Z14),1) -> 25 | AH14: ='Программа тренировок '!T155 | AI14: собств. | AJ14: 3 | AK14: =FLOOR((10-AH14+AG14)-2,1) -> 33 | AL14: собств. | AM14: 1 | AN14: =FLOOR((10-AH14+AG14)-2,1) -> 33 | AO14: ='Программа тренировок '!F182 | AP14: собств. | AQ14: 4 | AR14: =FLOOR((10-AO14+AN14)-3,1) -> 40 | AS14: собств. | AT14: 1 | AU14: =FLOOR((10-AO14+AN14)-1,1) -> 42 | AV14: ='Программа тренировок '!M182 | AW14: собств. | AX14: 4 | AY14: =FLOOR((10-AV14+AU14)-2,1) -> 50 | AZ14: собств. | BA14: 1 | BB14: =FLOOR((10-AV14+AU14),1) -> 52 | BC14: ='Программа тренировок '!T182 | BD14: собств. | BE14: 3 | BF14: =FLOOR((10-BC14+BB14)-2,1) -> 60 | BG14: собств. | BH14: 1 | BI14: =FLOOR((10-BC14+BB14)-2,1) -> 60 | BJ14: ='Программа тренировок '!F209 | BK14: собств. | BL14: 4 | BM14: =FLOOR((10-BJ14+BI14)-3,1) -> 67 | BN14: собств. | BO14: 1 | BP14: =FLOOR((10-BJ14+BI14)-1,1) -> 69 | BQ14: ='Программа тренировок '!M209 | BR14: собств. | BS14: 3 | BT14: =FLOOR((10-BQ14+BP14)-2,1) -> 77 | BU14: собств. | BV14: 1 | BW14: =FLOOR((10-BQ14+BP14),1) -> 79 | BX14: ='Программа тренировок '!T209 | BY14: собств. | BZ14: 3 | CA14: =FLOOR((10-BQ14+BP14)-2,1) -> 77
L15: Тяга вертикального блока | N15: ='Программа тренировок '!C112 | O15: ='Программа тренировок '!D112 | P15: ='Формулы'!I12 -> 2.5 | Q15: {=MROUND(N15/INDEX($O$93:$X$100,MATCH(10,$N$93:$N$100,0),MATCH(O15,$O$92:$X$92,0))*0.8,P15)} -> #N/A | R15: 3 | S15: 5 | T15: ='Программа тренировок '!F155 | U15: {=MROUND(Q15/INDEX($O$93:$X$100,MATCH(T15,$N$93:$N$100,0),MATCH(S15,$O$92:$X$92,0))*0.75,P15)} -> #N/A | V15: 3 | W15: 6 | X15: {=MROUND(Q15/INDEX($O$93:$X$100,MATCH(T15,$N$93:$N$100,0),MATCH(S15,$O$92:$X$92,0))*0.82,P15)} -> #N/A | Y15: 3 | Z15: 5 | AA15: ='Программа тренировок '!M155 | AB15: {=MROUND(X15/INDEX($O$93:$X$100,MATCH(AA15,$N$93:$N$100,0),MATCH(Z15,$O$92:$X$92,0))*0.77,P15)} -> #N/A | AC15: 3 | AD15: 6 | AE15: {=MROUND(X15/INDEX($O$93:$X$100,MATCH(AA15,$N$93:$N$100,0),MATCH(Z15,$O$92:$X$92,0))*0.85,P15)} -> #N/A | AF15: 3 | AG15: 5 | AH15: ='Программа тренировок '!T155 | AI15: {=MROUND(AE15/INDEX($O$93:$X$100,MATCH(AH15,$N$93:$N$100,0),MATCH(AG15,$O$92:$X$92,0))*0.79,P15)} -> #N/A | AJ15: 3 | AK15: 6 | AL15: {=MROUND(AE15/INDEX($O$93:$X$100,MATCH(AH15,$N$93:$N$100,0),MATCH(AG15,$O$92:$X$92,0))*0.82,P15)} -> #N/A | AM15: 3 | AN15: 4 | AO15: ='Программа тренировок '!F182 | AP15: {=MROUND(AL15/INDEX($O$93:$X$100,MATCH(AO15,$N$93:$N$100,0),MATCH(AN15,$O$92:$X$92,0))*0.79,P15)} -> #N/A | AQ15: 3 | AR15: 5 | AS15: {=MROUND(AL15/INDEX($O$93:$X$100,MATCH(AO15,$N$93:$N$100,0),MATCH(AN15,$O$92:$X$92,0))*0.85,P15)} -> #N/A | AT15: 3 | AU15: 4 | AV15: ='Программа тренировок '!M182 | AW15: {=MROUND(AS15/INDEX($O$93:$X$100,MATCH(AV15,$N$93:$N$100,0),MATCH(AU15,$O$92:$X$92,0))*0.8,P15)} -> #N/A | AX15: 3 | AY15: 5 | AZ15: {=MROUND(AS15/INDEX($O$93:$X$100,MATCH(AV15,$N$93:$N$100,0),MATCH(AU15,$O$92:$X$92,0))*0.88,P15)} -> #N/A | BA15: 3 | BB15: 4 | BC15: ='Программа тренировок '!T182 | BD15: {=MROUND(AZ15/INDEX($O$93:$X$100,MATCH(BC15,$N$93:$N$100,0),MATCH(BB15,$O$92:$X$92,0))*0.81,P15)} -> #N/A | BE15: 3 | BF15: 5 | BG15: {=MROUND(AZ15/INDEX($O$93:$X$100,MATCH(BC15,$N$93:$N$100,0),MATCH(BB15,$O$92:$X$92,0))*0.83,P15)} -> #N/A | BH15: 3 | BI15: 3 | BJ15: ='Программа тренировок '!F209 | BK15: {=MROUND(BG15/INDEX($O$93:$X$100,MATCH(BJ15,$N$93:$N$100,0),MATCH(BI15,$O$92:$X$92,0))*0.81,P15)} -> #N/A | BL15: 3 | BM15: 4 | BN15: {=MROUND(BG15/INDEX($O$93:$X$100,MATCH(BJ15,$N$93:$N$100,0),MATCH(BI15,$O$92:$X$92,0))*0.86,P15)} -> #N/A | BO15: 3 | BP15: 3 | BQ15: ='Программа тренировок '!M209 | BR15: {=MROUND(BN15/INDEX($O$93:$X$100,MATCH(BQ15,$N$93:$N$100,0),MATCH(BP15,$O$92:$X$92,0))*0.82,P15)} -> #N/A | BS15: 3 | BT15: 4 | BU15: {=MROUND(BN15/INDEX($O$93:$X$100,MATCH(BQ15,$N$93:$N$100,0),MATCH(BP15,$O$92:$X$92,0))*0.91,P15)} -> #N/A | BV15: 3 | BW15: 3 | BX15: ='Программа тренировок '!T209 | BY15: {=MROUND(BU15/INDEX($O$93:$X$100,MATCH(BX15,$N$93:$N$100,0),MATCH(BW15,$O$92:$X$92,0))*0.84,P15)} -> #N/A | BZ15: 3 | CA15: 4
L17: Приседания со штангой | N17: =IF('Программа тренировок '!B127='Программа тренировок '!B113,'Программа тренировок '!C113,'Программа тренировок '!C127) | O17: =IF('Программа тренировок '!B127='Программа тренировок '!B113,O54,'Программа тренировок '!D127) | P17: =IF('Программа тренировок '!B132='Программа тренировок '!B118,P54,'Формулы'!I27) -> 2.5 | Q17: {=MROUND(N17/INDEX($O$93:$X$100,MATCH(10,$N$93:$N$100,0),MATCH(O17,$O$92:$X$92,0))*0.83,P17)} -> #N/A | R17: =IF('Программа тренировок '!B93='Программа тренировок '!B79, 1, 3) -> 3 | S17: 3 | T17: ='Программа тренировок '!F170 | U17: =MROUND(Q17/INDEX($O$93:$X$100,MATCH(T17,$N$93:$N$100,0),MATCH(S17,$O$92:$X$92,0))*0.75,P17) -> #N/A | V17: 3 | W17: 6 | X17: {=MROUND(Q17/INDEX($O$93:$X$100,MATCH(T17,$N$93:$N$100,0),MATCH(S17,$O$92:$X$92,0))*0.86,P17)} -> #N/A | Y17: =IF('Программа тренировок '!B93='Программа тренировок '!B79, 1, 3) -> 3 | Z17: 3 | AA17: ='Программа тренировок '!M170 | AB17: {=MROUND(X17/INDEX($O$93:$X$100,MATCH(AA17,$N$93:$N$100,0),MATCH(Z17,$O$92:$X$92,0))*0.8,P17)} -> #N/A | AC17: 3 | AD17: 5 | AE17: {=MROUND(X17/INDEX($O$93:$X$100,MATCH(AA17,$N$93:$N$100,0),MATCH(Z17,$O$92:$X$92,0))*0.9,P17)} -> #N/A | AF17: =IF('Программа тренировок '!B93='Программа тренировок '!B79, 1, 3) -> 3 | AG17: 3 | AH17: ='Программа тренировок '!T170 | AI17: {=MROUND(AE17/INDEX($O$93:$X$100,MATCH(AH17,$N$93:$N$100,0),MATCH(AG17,$O$92:$X$92,0))*0.85,P17)} -> #N/A | AJ17: 3 | AK17: 4 | AL17: {=MROUND(AE17/INDEX($O$93:$X$100,MATCH(AH17,$N$93:$N$100,0),MATCH(AG17,$O$92:$X$92,0))*0.86,P17)} -> #N/A | AM17: =IF('Программа тренировок '!B93='Программа тренировок '!B79, 1, 3) -> 3 | AN17: 2 | AO17: ='Программа тренировок '!F197 | AP17: =MROUND(AL17/INDEX($O$93:$X$100,MATCH(AO17,$N$93:$N$100,0),MATCH(AN17,$O$92:$X$92,0))*0.79,P17) -> #N/A | AQ17: 3 | AR17: 5 | AS17: {=MROUND(AL17/INDEX($O$93:$X$100,MATCH(AO17,$N$93:$N$100,0),MATCH(AN17,$O$92:$X$92,0))*0.89,P17)} -> #N/A | AT17: =IF('Программа тренировок '!B93='Программа тренировок '!B79, 1, 3) -> 3 | AU17: 2 | AV17: ='Программа тренировок '!M197 | AW17: {=MROUND(AS17/INDEX($O$93:$X$100,MATCH(AV17,$N$93:$N$100,0),MATCH(AU17,$O$92:$X$92,0))*0.82,P17)} -> #N/A | AX17: 3 | AY17: 4 | AZ17: {=MROUND(AS17/INDEX($O$93:$X$100,MATCH(AV17,$N$93:$N$100,0),MATCH(AU17,$O$92:$X$92,0))*0.92,P17)} -> #N/A | BA17: =IF('Программа тренировок '!B93='Программа тренировок '!B79, 1, 3) -> 3 | BB17: 2 | BC17: ='Программа тренировок '!T197 | BD17: {=MROUND(AZ17/INDEX($O$93:$X$100,MATCH(BC17,$N$93:$N$100,0),MATCH(BB17,$O$92:$X$92,0))*0.86,P17)} -> #N/A | BE17: 3 | BF17: 3 | BG17: {=MROUND(AZ17/INDEX($O$93:$X$100,MATCH(BC17,$N$93:$N$100,0),MATCH(BB17,$O$92:$X$92,0))*0.91,P17)} -> #N/A | BH17: =IF('Программа тренировок '!B93='Программа тренировок '!B79, 1, 3) -> 3 | BI17: 1 | BJ17: ='Программа тренировок '!F224 | BK17: =MROUND(BG17/INDEX($O$93:$X$100,MATCH(BJ17,$N$93:$N$100,0),MATCH(BI17,$O$92:$X$92,0))*0.81,P17) -> #N/A | BL17: 3 | BM17: 4 | BN17: {=MROUND(BG17/INDEX($O$93:$X$100,MATCH(BJ17,$N$93:$N$100,0),MATCH(BI17,$O$92:$X$92,0))*0.94,P17)} -> #N/A | BO17: =IF('Программа тренировок '!B93='Программа тренировок '!B79, 1, 3) -> 3 | BP17: 1 | BQ17: ='Программа тренировок '!M224 | BR17: {=MROUND(BN17/INDEX($O$93:$X$100,MATCH(BQ17,$N$93:$N$100,0),MATCH(BP17,$O$92:$X$92,0))*0.84,P17)} -> #N/A | BS17: 3 | BT17: 3 | BU17: {=MROUND(BN17/INDEX($O$93:$X$100,MATCH(BQ17,$N$93:$N$100,0),MATCH(BP17,$O$92:$X$92,0))*0.97,P17)} -> #N/A | BV17: =IF('Программа тренировок '!B93='Программа тренировок '!B79, 1, 3) -> 3 | BW17: 1 | BX17: ='Программа тренировок '!T224 | BY17: {=MROUND(BU17/INDEX($O$93:$X$100,MATCH(BX17,$N$93:$N$100,0),MATCH(BW17,$O$92:$X$92,0))*0.89,P17)} -> #N/A | BZ17: 3 | CA17: 2
I18: Округлить до↓ | L18: Приседания в колодец | N18: ='Программа тренировок '!C127 | O18: ='Программа тренировок '!D127 | P18: ='Формулы'!I27 -> 2.5 | Q18: =MROUND(N18/INDEX($O$93:$X$100,MATCH(10,$N$93:$N$100,0),MATCH(O18,$O$92:$X$92,0))*0.8,P18) -> #N/A | R18: 3 | S18: 5 | T18: ='Программа тренировок '!F170 | U18: =MROUND(Q18/INDEX($O$93:$X$100,MATCH(T18,$N$93:$N$100,0),MATCH(S18,$O$92:$X$92,0))*0.75,P18) -> #N/A | V18: 3 | W18: 6 | X18: =MROUND(Q18/INDEX($O$93:$X$100,MATCH(T18,$N$93:$N$100,0),MATCH(S18,$O$92:$X$92,0))*0.82,P18) -> #N/A | Y18: 3 | Z18: 5 | AA18: ='Программа тренировок '!M170 | AB18: =MROUND(X18/INDEX($O$93:$X$100,MATCH(AA18,$N$93:$N$100,0),MATCH(Z18,$O$92:$X$92,0))*0.77,P18) -> #N/A | AC18: 3 | AD18: 6 | AE18: =MROUND(X18/INDEX($O$93:$X$100,MATCH(AA18,$N$93:$N$100,0),MATCH(Z18,$O$92:$X$92,0))*0.85,P18) -> #N/A | AF18: 3 | AG18: 5 | AH18: ='Программа тренировок '!T170 | AI18: =MROUND(AE18/INDEX($O$93:$X$100,MATCH(AH18,$N$93:$N$100,0),MATCH(AG18,$O$92:$X$92,0))*0.79,P18) -> #N/A | AJ18: 3 | AK18: 6 | AL18: =MROUND(AE18/INDEX($O$93:$X$100,MATCH(AH18,$N$93:$N$100,0),MATCH(AG18,$O$92:$X$92,0))*0.82,P18) -> #N/A | AM18: 3 | AN18: 4 | AO18: ='Программа тренировок '!F197 | AP18: =MROUND(AL18/INDEX($O$93:$X$100,MATCH(AO18,$N$93:$N$100,0),MATCH(AN18,$O$92:$X$92,0))*0.79,P18) -> #N/A | AQ18: 3 | AR18: 5 | AS18: =MROUND(AL18/INDEX($O$93:$X$100,MATCH(AO18,$N$93:$N$100,0),MATCH(AN18,$O$92:$X$92,0))*0.85,P18) -> #N/A | AT18: 3 | AU18: 4 | AV18: ='Программа тренировок '!M197 | AW18: =MROUND(AS18/INDEX($O$93:$X$100,MATCH(AV18,$N$93:$N$100,0),MATCH(AU18,$O$92:$X$92,0))*0.8,P18) -> #N/A | AX18: 3 | AY18: 5 | AZ18: =MROUND(AS18/INDEX($O$93:$X$100,MATCH(AV18,$N$93:$N$100,0),MATCH(AU18,$O$92:$X$92,0))*0.88,P18) -> #N/A | BA18: 3 | BB18: 4 | BC18: ='Программа тренировок '!T197 | BD18: =MROUND(AZ18/INDEX($O$93:$X$100,MATCH(BC18,$N$93:$N$100,0),MATCH(BB18,$O$92:$X$92,0))*0.81,P18) -> #N/A | BE18: 3 | BF18: 5 | BG18: =MROUND(AZ18/INDEX($O$93:$X$100,MATCH(BC18,$N$93:$N$100,0),MATCH(BB18,$O$92:$X$92,0))*0.83,P18) -> #N/A | BH18: 3 | BI18: 3 | BJ18: ='Программа тренировок '!F224 | BK18: =MROUND(BG18/INDEX($O$93:$X$100,MATCH(BJ18,$N$93:$N$100,0),MATCH(BI18,$O$92:$X$92,0))*0.81,P18) -> #N/A | BL18: 3 | BM18: 4 | BN18: =MROUND(BG18/INDEX($O$93:$X$100,MATCH(BJ18,$N$93:$N$100,0),MATCH(BI18,$O$92:$X$92,0))*0.86,P18) -> #N/A | BO18: 3 | BP18: 3 | BQ18: ='Программа тренировок '!M224 | BR18: =MROUND(BN18/INDEX($O$93:$X$100,MATCH(BQ18,$N$93:$N$100,0),MATCH(BP18,$O$92:$X$92,0))*0.82,P18) -> #N/A | BS18: 3 | BT18: 4 | BU18: =MROUND(BN18/INDEX($O$93:$X$100,MATCH(BQ18,$N$93:$N$100,0),MATCH(BP18,$O$92:$X$92,0))*0.91,P18) -> #N/A | BV18: 3 | BW18: 3 | BX18: ='Программа тренировок '!T224 | BY18: =MROUND(BU18/INDEX($O$93:$X$100,MATCH(BX18,$N$93:$N$100,0),MATCH(BW18,$O$92:$X$92,0))*0.84,P18) -> #N/A | BZ18: 3 | CA18: 4
I19: ='Программа тренировок '!E85 -> 2.5 | L19: Ягодичный мост | N19: =IF('Программа тренировок '!B119='Программа тренировок '!B127,'Программа тренировок '!C119,'Программа тренировок '!C127) | O19: =IF('Программа тренировок '!B119='Программа тренировок '!B127,'Программа тренировок '!D119,'Программа тренировок '!D127) | P19: =IF('Программа тренировок '!B124='Программа тренировок '!B132,'Формулы'!I19,'Формулы'!I27) -> 2.5 | Q19: =MROUND(N19/INDEX($O$93:$X$100,MATCH(10,$N$93:$N$100,0),MATCH(O19,$O$92:$X$92,0))*0.8,P19) -> #N/A | R19: =IF('Программа тренировок '!B127='Программа тренировок '!B119, 1, 3) -> 3 | S19: 5 | T19: ='Программа тренировок '!F170 | U19: =MROUND(Q19/INDEX($O$93:$X$100,MATCH(T19,$N$93:$N$100,0),MATCH(S19,$O$92:$X$92,0))*0.75,P19) -> #N/A | V19: 3 | W19: 6 | X19: =MROUND(Q19/INDEX($O$93:$X$100,MATCH(T19,$N$93:$N$100,0),MATCH(S19,$O$92:$X$92,0))*0.82,P19) -> #N/A | Y19: =IF('Программа тренировок '!B127='Программа тренировок '!B119, 1, 3) -> 3 | Z19: 5 | AA19: ='Программа тренировок '!M170 | AB19: =MROUND(X19/INDEX($O$93:$X$100,MATCH(AA19,$N$93:$N$100,0),MATCH(Z19,$O$92:$X$92,0))*0.77,P19) -> #N/A | AC19: 3 | AD19: 6 | AE19: =MROUND(X19/INDEX($O$93:$X$100,MATCH(AA19,$N$93:$N$100,0),MATCH(Z19,$O$92:$X$92,0))*0.85,P19) -> #N/A | AF19: =IF('Программа тренировок '!B127='Программа тренировок '!B119, 1, 3) -> 3 | AG19: 5 | AH19: ='Программа тренировок '!T170 | AI19: =MROUND(AE19/INDEX($O$93:$X$100,MATCH(AH19,$N$93:$N$100,0),MATCH(AG19,$O$92:$X$92,0))*0.79,P19) -> #N/A | AJ19: 3 | AK19: 6 | AL19: =MROUND(AE19/INDEX($O$93:$X$100,MATCH(AH19,$N$93:$N$100,0),MATCH(AG19,$O$92:$X$92,0))*0.82,P19) -> #N/A | AM19: =IF('Программа тренировок '!B127='Программа тренировок '!B119, 1, 3) -> 3 | AN19: 4 | AO19: ='Программа тренировок '!F197 | AP19: =MROUND(AL19/INDEX($O$93:$X$100,MATCH(AO19,$N$93:$N$100,0),MATCH(AN19,$O$92:$X$92,0))*0.79,P19) -> #N/A | AQ19: 3 | AR19: 5 | AS19: =MROUND(AL19/INDEX($O$93:$X$100,MATCH(AO19,$N$93:$N$100,0),MATCH(AN19,$O$92:$X$92,0))*0.85,P19) -> #N/A | AT19: =IF('Программа тренировок '!B127='Программа тренировок '!B119, 1, 3) -> 3 | AU19: 4 | AV19: ='Программа тренировок '!M197 | AW19: =MROUND(AS19/INDEX($O$93:$X$100,MATCH(AV19,$N$93:$N$100,0),MATCH(AU19,$O$92:$X$92,0))*0.8,P19) -> #N/A | AX19: 3 | AY19: 5 | AZ19: =MROUND(AS19/INDEX($O$93:$X$100,MATCH(AV19,$N$93:$N$100,0),MATCH(AU19,$O$92:$X$92,0))*0.88,P19) -> #N/A | BA19: =IF('Программа тренировок '!B127='Программа тренировок '!B119, 1, 3) -> 3 | BB19: 4 | BC19: ='Программа тренировок '!T197 | BD19: =MROUND(AZ19/INDEX($O$93:$X$100,MATCH(BC19,$N$93:$N$100,0),MATCH(BB19,$O$92:$X$92,0))*0.81,P19) -> #N/A | BE19: 3 | BF19: 5 | BG19: =MROUND(AZ19/INDEX($O$93:$X$100,MATCH(BC19,$N$93:$N$100,0),MATCH(BB19,$O$92:$X$92,0))*0.83,P19) -> #N/A | BH19: =IF('Программа тренировок '!B127='Программа тренировок '!B119, 1, 3) -> 3 | BI19: 3 | BJ19: ='Программа тренировок '!F224 | BK19: =MROUND(BG19/INDEX($O$93:$X$100,MATCH(BJ19,$N$93:$N$100,0),MATCH(BI19,$O$92:$X$92,0))*0.81,P19) -> #N/A | BL19: 3 | BM19: 4 | BN19: =MROUND(BG19/INDEX($O$93:$X$100,MATCH(BJ19,$N$93:$N$100,0),MATCH(BI19,$O$92:$X$92,0))*0.86,P19) -> #N/A | BO19: =IF('Программа тренировок '!B127='Программа тренировок '!B119, 1, 3) -> 3 | BP19: 3 | BQ19: ='Программа тренировок '!M224 | BR19: =MROUND(BN19/INDEX($O$93:$X$100,MATCH(BQ19,$N$93:$N$100,0),MATCH(BP19,$O$92:$X$92,0))*0.82,P19) -> #N/A | BS19: 3 | BT19: 4 | BU19: =MROUND(BN19/INDEX($O$93:$X$100,MATCH(BQ19,$N$93:$N$100,0),MATCH(BP19,$O$92:$X$92,0))*0.91,P19) -> #N/A | BV19: =IF('Программа тренировок '!B127='Программа тренировок '!B119, 1, 3) -> 3 | BW19: 3 | BX19: ='Программа тренировок '!T224 | BY19: =MROUND(BU19/INDEX($O$93:$X$100,MATCH(BX19,$N$93:$N$100,0),MATCH(BW19,$O$92:$X$92,0))*0.84,P19) -> #N/A | BZ19: 3 | CA19: 4
I20: ='Программа тренировок '!E86 -> 2.5
I21: ='Программа тренировок '!E87 -> 2.5 | L21: Махи с гантелями в стороны | N21: ='Программа тренировок '!C114 | O21: ='Программа тренировок '!D114 | P21: ='Формулы'!I14 -> 1 | Q21: {=MROUND(N21/INDEX($O$93:$X$100,MATCH(10,$N$93:$N$100,0),MATCH(O21,$O$92:$X$92,0))*0.65,P21)} -> #N/A | R21: 3 | S21: 10 | T21: ='Программа тренировок '!F157 | U21: {=MROUND(Q21/INDEX($O$93:$X$100,MATCH(T21,$N$93:$N$100,0),MATCH(S21,$O$92:$X$92,0))*0.62,P21)} -> #N/A | V21: 1 | W21: до отказа | X21: {=MROUND(Q21/INDEX($O$93:$X$100,MATCH(T21,$N$93:$N$100,0),MATCH(S21,$O$92:$X$92,0))*0.67,P21)} -> #N/A | Y21: 3 | Z21: 10 | AA21: ='Программа тренировок '!M157 | AB21: {=MROUND(X21/INDEX($O$93:$X$100,MATCH(AA21,$N$93:$N$100,0),MATCH(Z21,$O$92:$X$92,0))*0.64,P21)} -> #N/A | AC21: 1 | AD21: до отказа | AE21: {=MROUND(X21/INDEX($O$93:$X$100,MATCH(AA21,$N$93:$N$100,0),MATCH(Z21,$O$92:$X$92,0))*0.69,P21)} -> #N/A | AF21: 3 | AG21: 10 | AH21: ='Программа тренировок '!T157 | AI21: {=MROUND(AE21/INDEX($O$93:$X$100,MATCH(AH21,$N$93:$N$100,0),MATCH(AG21,$O$92:$X$92,0))*0.67,P21)} -> #N/A | AJ21: 1 | AK21: до отказа | AL21: {=MROUND(AE21/INDEX($O$93:$X$100,MATCH(AH21,$N$93:$N$100,0),MATCH(AG21,$O$92:$X$92,0))*0.68,P21)} -> #N/A | AM21: 3 | AN21: 9 | AO21: ='Программа тренировок '!F184 | AP21: {=MROUND(AL21/INDEX($O$93:$X$100,MATCH(AO21,$N$93:$N$100,0),MATCH(AN21,$O$92:$X$92,0))*0.65,P21)} -> #N/A | AQ21: 1 | AR21: до отказа | AS21: {=MROUND(AL21/INDEX($O$93:$X$100,MATCH(AO21,$N$93:$N$100,0),MATCH(AN21,$O$92:$X$92,0))*0.69,P21)} -> #N/A | AT21: 3 | AU21: 9 | AV21: ='Программа тренировок '!M184 | AW21: {=MROUND(AS21/INDEX($O$93:$X$100,MATCH(AV21,$N$93:$N$100,0),MATCH(AU21,$O$92:$X$92,0))*0.66,P21)} -> #N/A | AX21: 1 | AY21: до отказа | AZ21: {=MROUND(AS21/INDEX($O$93:$X$100,MATCH(AV21,$N$93:$N$100,0),MATCH(AU21,$O$92:$X$92,0))*0.71,P21)} -> #N/A | BA21: 3 | BB21: 9 | BC21: ='Программа тренировок '!T184 | BD21: {=MROUND(AZ21/INDEX($O$93:$X$100,MATCH(BC21,$N$93:$N$100,0),MATCH(BB21,$O$92:$X$92,0))*0.68,P21)} -> #N/A | BE21: 1 | BF21: до отказа | BG21: {=MROUND(AZ21/INDEX($O$93:$X$100,MATCH(BC21,$N$93:$N$100,0),MATCH(BB21,$O$92:$X$92,0))*0.71,P21)} -> #N/A | BH21: 3 | BI21: 8 | BJ21: ='Программа тренировок '!F211 | BK21: {=MROUND(BG21/INDEX($O$93:$X$100,MATCH(BJ21,$N$93:$N$100,0),MATCH(BI21,$O$92:$X$92,0))*0.68,P21)} -> #N/A | BL21: 1 | BM21: до отказа | BN21: {=MROUND(BG21/INDEX($O$93:$X$100,MATCH(BJ21,$N$93:$N$100,0),MATCH(BI21,$O$92:$X$92,0))*0.72,P21)} -> #N/A | BO21: 3 | BP21: 8 | BQ21: ='Программа тренировок '!M211 | BR21: {=MROUND(BN21/INDEX($O$93:$X$100,MATCH(BQ21,$N$93:$N$100,0),MATCH(BP21,$O$92:$X$92,0))*0.69,P21)} -> #N/A | BS21: 1 | BT21: до отказа | BU21: {=MROUND(BN21/INDEX($O$93:$X$100,MATCH(BQ21,$N$93:$N$100,0),MATCH(BP21,$O$92:$X$92,0))*0.74,P21)} -> #N/A | BV21: 3 | BW21: 8 | BX21: ='Программа тренировок '!T211 | BY21: {=MROUND(BU21/INDEX($O$93:$X$100,MATCH(BX21,$N$93:$N$100,0),MATCH(BW21,$O$92:$X$92,0))*0.71,P21)} -> #N/A | BZ21: 1 | CA21: до отказа
I22: ='Программа тренировок '!E88 -> 3 | L22: Тяга к подбородку | N22: ='Программа тренировок '!C114 | O22: ='Программа тренировок '!D114 | P22: ='Формулы'!I14 -> 1 | Q22: {=MROUND(N22/INDEX($O$93:$X$100,MATCH(10,$N$93:$N$100,0),MATCH(O22,$O$92:$X$92,0))*0.76,P22)} -> #N/A | R22: 3 | S22: 6 | T22: ='Программа тренировок '!F157 | U22: {=MROUND(Q22/INDEX($O$93:$X$100,MATCH(T22,$N$93:$N$100,0),MATCH(S22,$O$92:$X$92,0))*0.72,P22)} -> #N/A | V22: 1 | W22: до отказа | X22: {=MROUND(Q22/INDEX($O$93:$X$100,MATCH(T22,$N$93:$N$100,0),MATCH(S22,$O$92:$X$92,0))*0.79,P22)} -> #N/A | Y22: 3 | Z22: 6 | AA22: ='Программа тренировок '!M157 | AB22: {=MROUND(X22/INDEX($O$93:$X$100,MATCH(AA22,$N$93:$N$100,0),MATCH(Z22,$O$92:$X$92,0))*0.76,P22)} -> #N/A | AC22: 1 | AD22: до отказа | AE22: {=MROUND(X22/INDEX($O$93:$X$100,MATCH(AA22,$N$93:$N$100,0),MATCH(Z22,$O$92:$X$92,0))*0.81,P22)} -> #N/A | AF22: 3 | AG22: 6 | AH22: ='Программа тренировок '!T157 | AI22: {=MROUND(AE22/INDEX($O$93:$X$100,MATCH(AH22,$N$93:$N$100,0),MATCH(AG22,$O$92:$X$92,0))*0.79,P22)} -> #N/A | AJ22: 1 | AK22: до отказа | AL22: {=MROUND(AE22/INDEX($O$93:$X$100,MATCH(AH22,$N$93:$N$100,0),MATCH(AG22,$O$92:$X$92,0))*0.79,P22)} -> #N/A | AM22: 3 | AN22: 5 | AO22: ='Программа тренировок '!F184 | AP22: {=MROUND(AL22/INDEX($O$93:$X$100,MATCH(AO22,$N$93:$N$100,0),MATCH(AN22,$O$92:$X$92,0))*0.76,P22)} -> #N/A | AQ22: 1 | AR22: до отказа | AS22: {=MROUND(AL22/INDEX($O$93:$X$100,MATCH(AO22,$N$93:$N$100,0),MATCH(AN22,$O$92:$X$92,0))*0.82,P22)} -> #N/A | AT22: 3 | AU22: 5 | AV22: ='Программа тренировок '!M184 | AW22: {=MROUND(AS22/INDEX($O$93:$X$100,MATCH(AV22,$N$93:$N$100,0),MATCH(AU22,$O$92:$X$92,0))*0.79,P22)} -> #N/A | AX22: 1 | AY22: до отказа | AZ22: {=MROUND(AS22/INDEX($O$93:$X$100,MATCH(AV22,$N$93:$N$100,0),MATCH(AU22,$O$92:$X$92,0))*0.84,P22)} -> #N/A | BA22: 3 | BB22: 5 | BC22: ='Программа тренировок '!T184 | BD22: {=MROUND(AZ22/INDEX($O$93:$X$100,MATCH(BC22,$N$93:$N$100,0),MATCH(BB22,$O$92:$X$92,0))*0.81,P22)} -> #N/A | BE22: 1 | BF22: до отказа | BG22: {=MROUND(AZ22/INDEX($O$93:$X$100,MATCH(BC22,$N$93:$N$100,0),MATCH(BB22,$O$92:$X$92,0))*0.81,P22)} -> #N/A | BH22: 3 | BI22: 4 | BJ22: ='Программа тренировок '!F211 | BK22: {=MROUND(BG22/INDEX($O$93:$X$100,MATCH(BJ22,$N$93:$N$100,0),MATCH(BI22,$O$92:$X$92,0))*0.78,P22)} -> #N/A | BL22: 1 | BM22: до отказа | BN22: {=MROUND(BG22/INDEX($O$93:$X$100,MATCH(BJ22,$N$93:$N$100,0),MATCH(BI22,$O$92:$X$92,0))*0.83,P22)} -> #N/A | BO22: 3 | BP22: 4 | BQ22: ='Программа тренировок '!M211 | BR22: {=MROUND(BN22/INDEX($O$93:$X$100,MATCH(BQ22,$N$93:$N$100,0),MATCH(BP22,$O$92:$X$92,0))*0.8,P22)} -> #N/A | BS22: 1 | BT22: до отказа | BU22: {=MROUND(BN22/INDEX($O$93:$X$100,MATCH(BQ22,$N$93:$N$100,0),MATCH(BP22,$O$92:$X$92,0))*0.85,P22)} -> #N/A | BV22: 3 | BW22: 4 | BX22: ='Программа тренировок '!T211 | BY22: {=MROUND(BU22/INDEX($O$93:$X$100,MATCH(BX22,$N$93:$N$100,0),MATCH(BW22,$O$92:$X$92,0))*0.81,P22)} -> #N/A | BZ22: 1 | CA22: до отказа
I23: 2.5
L24: Становая тяга | N24: ='Программа тренировок '!C119 | O24: ='Программа тренировок '!D119 | P24: ='Формулы'!I19 -> 2.5 | Q24: {=MROUND(N24/INDEX($O$93:$X$100,MATCH(10,$N$93:$N$100,0),MATCH(O24,$O$92:$X$92,0))*0.83,P24)} -> #N/A | R24: 2 | S24: 3 | T24: ='Программа тренировок '!F162 | U24: =MROUND(Q24/INDEX($O$93:$X$100,MATCH(T24,$N$93:$N$100,0),MATCH(S24,$O$92:$X$92,0))*0.75,P24) -> #N/A | V24: 3 | W24: 6 | X24: {=MROUND(Q24/INDEX($O$93:$X$100,MATCH(T24,$N$93:$N$100,0),MATCH(S24,$O$92:$X$92,0))*0.86,P24)} -> #N/A | Y24: 2 | Z24: 3 | AA24: ='Программа тренировок '!M162 | AB24: {=MROUND(X24/INDEX($O$93:$X$100,MATCH(AA24,$N$93:$N$100,0),MATCH(Z24,$O$92:$X$92,0))*0.8,P24)} -> #N/A | AC24: 3 | AD24: 5 | AE24: {=MROUND(X24/INDEX($O$93:$X$100,MATCH(AA24,$N$93:$N$100,0),MATCH(Z24,$O$92:$X$92,0))*0.9,P24)} -> #N/A | AF24: 2 | AG24: 3 | AH24: ='Программа тренировок '!T162 | AI24: {=MROUND(AE24/INDEX($O$93:$X$100,MATCH(AH24,$N$93:$N$100,0),MATCH(AG24,$O$92:$X$92,0))*0.85,P24)} -> #N/A | AJ24: 3 | AK24: 4 | AL24: {=MROUND(AE24/INDEX($O$93:$X$100,MATCH(AH24,$N$93:$N$100,0),MATCH(AG24,$O$92:$X$92,0))*0.86,P24)} -> #N/A | AM24: 2 | AN24: 2 | AO24: ='Программа тренировок '!F189 | AP24: =MROUND(AL24/INDEX($O$93:$X$100,MATCH(AO24,$N$93:$N$100,0),MATCH(AN24,$O$92:$X$92,0))*0.79,P24) -> #N/A | AQ24: 3 | AR24: 5 | AS24: {=MROUND(AL24/INDEX($O$93:$X$100,MATCH(AO24,$N$93:$N$100,0),MATCH(AN24,$O$92:$X$92,0))*0.89,P24)} -> #N/A | AT24: 2 | AU24: 2 | AV24: ='Программа тренировок '!M189 | AW24: {=MROUND(AS24/INDEX($O$93:$X$100,MATCH(AV24,$N$93:$N$100,0),MATCH(AU24,$O$92:$X$92,0))*0.82,P24)} -> #N/A | AX24: 3 | AY24: 4 | AZ24: {=MROUND(AS24/INDEX($O$93:$X$100,MATCH(AV24,$N$93:$N$100,0),MATCH(AU24,$O$92:$X$92,0))*0.92,P24)} -> #N/A | BA24: 2 | BB24: 2 | BC24: ='Программа тренировок '!T189 | BD24: {=MROUND(AZ24/INDEX($O$93:$X$100,MATCH(BC24,$N$93:$N$100,0),MATCH(BB24,$O$92:$X$92,0))*0.86,P24)} -> #N/A | BE24: 3 | BF24: 3 | BG24: {=MROUND(AZ24/INDEX($O$93:$X$100,MATCH(BC24,$N$93:$N$100,0),MATCH(BB24,$O$92:$X$92,0))*0.91,P24)} -> #N/A | BH24: 2 | BI24: 1 | BJ24: ='Программа тренировок '!F216 | BK24: =MROUND(BG24/INDEX($O$93:$X$100,MATCH(BJ24,$N$93:$N$100,0),MATCH(BI24,$O$92:$X$92,0))*0.81,P24) -> #N/A | BL24: 3 | BM24: 4 | BN24: {=MROUND(BG24/INDEX($O$93:$X$100,MATCH(BJ24,$N$93:$N$100,0),MATCH(BI24,$O$92:$X$92,0))*0.94,P24)} -> #N/A | BO24: 2 | BP24: 1 | BQ24: ='Программа тренировок '!M216 | BR24: {=MROUND(BN24/INDEX($O$93:$X$100,MATCH(BQ24,$N$93:$N$100,0),MATCH(BP24,$O$92:$X$92,0))*0.84,P24)} -> #N/A | BS24: 3 | BT24: 3 | BU24: {=MROUND(BN24/INDEX($O$93:$X$100,MATCH(BQ24,$N$93:$N$100,0),MATCH(BP24,$O$92:$X$92,0))*0.97,P24)} -> #N/A | BV24: 1 | BW24: 1 | BX24: ='Программа тренировок '!T216 | BY24: {=MROUND(BU24/INDEX($O$93:$X$100,MATCH(BX24,$N$93:$N$100,0),MATCH(BW24,$O$92:$X$92,0))*0.89,P24)} -> #N/A | BZ24: 3 | CA24: 2
L25: Мёртвая тяга | N25: ='Программа тренировок '!C119 | O25: ='Программа тренировок '!D119 | P25: ='Формулы'!I19 -> 2.5 | Q25: =MROUND(N25/INDEX($O$93:$X$100,MATCH(10,$N$93:$N$100,0),MATCH(O25,$O$92:$X$92,0))*0.8,P25) -> #N/A | R25: 1 | S25: 5 | T25: ='Программа тренировок '!F162 | U25: =MROUND(Q25/INDEX($O$93:$X$100,MATCH(T25,$N$93:$N$100,0),MATCH(S25,$O$92:$X$92,0))*0.75,P25) -> #N/A | V25: 3 | W25: 6 | X25: {=MROUND(Q25/INDEX($O$93:$X$100,MATCH(T25,$N$93:$N$100,0),MATCH(S25,$O$92:$X$92,0))*0.82,P25)} -> #N/A | Y25: 1 | Z25: 5 | AA25: ='Программа тренировок '!M162 | AB25: {=MROUND(X25/INDEX($O$93:$X$100,MATCH(AA25,$N$93:$N$100,0),MATCH(Z25,$O$92:$X$92,0))*0.77,P25)} -> #N/A | AC25: 3 | AD25: 6 | AE25: {=MROUND(X25/INDEX($O$93:$X$100,MATCH(AA25,$N$93:$N$100,0),MATCH(Z25,$O$92:$X$92,0))*0.85,P25)} -> #N/A | AF25: 1 | AG25: 5 | AH25: ='Программа тренировок '!T162 | AI25: {=MROUND(AE25/INDEX($O$93:$X$100,MATCH(AH25,$N$93:$N$100,0),MATCH(AG25,$O$92:$X$92,0))*0.79,P25)} -> #N/A | AJ25: 3 | AK25: 6 | AL25: =MROUND(AE25/INDEX($O$93:$X$100,MATCH(AH25,$N$93:$N$100,0),MATCH(AG25,$O$92:$X$92,0))*0.82,P25) -> #N/A | AM25: 1 | AN25: 4 | AO25: ='Программа тренировок '!F189 | AP25: =MROUND(AL25/INDEX($O$93:$X$100,MATCH(AO25,$N$93:$N$100,0),MATCH(AN25,$O$92:$X$92,0))*0.79,P25) -> #N/A | AQ25: 3 | AR25: 5 | AS25: {=MROUND(AL25/INDEX($O$93:$X$100,MATCH(AO25,$N$93:$N$100,0),MATCH(AN25,$O$92:$X$92,0))*0.85,P25)} -> #N/A | AT25: 1 | AU25: 4 | AV25: ='Программа тренировок '!M189 | AW25: {=MROUND(AS25/INDEX($O$93:$X$100,MATCH(AV25,$N$93:$N$100,0),MATCH(AU25,$O$92:$X$92,0))*0.8,P25)} -> #N/A | AX25: 3 | AY25: 5 | AZ25: {=MROUND(AS25/INDEX($O$93:$X$100,MATCH(AV25,$N$93:$N$100,0),MATCH(AU25,$O$92:$X$92,0))*0.88,P25)} -> #N/A | BA25: 1 | BB25: 4 | BC25: ='Программа тренировок '!T189 | BD25: {=MROUND(AZ25/INDEX($O$93:$X$100,MATCH(BC25,$N$93:$N$100,0),MATCH(BB25,$O$92:$X$92,0))*0.81,P25)} -> #N/A | BE25: 3 | BF25: 5 | BG25: {=MROUND(AZ25/INDEX($O$93:$X$100,MATCH(BC25,$N$93:$N$100,0),MATCH(BB25,$O$92:$X$92,0))*0.83,P25)} -> #N/A | BH25: 1 | BI25: 3 | BJ25: ='Программа тренировок '!F216 | BK25: =MROUND(BG25/INDEX($O$93:$X$100,MATCH(BJ25,$N$93:$N$100,0),MATCH(BI25,$O$92:$X$92,0))*0.81,P25) -> #N/A | BL25: 3 | BM25: 4 | BN25: {=MROUND(BG25/INDEX($O$93:$X$100,MATCH(BJ25,$N$93:$N$100,0),MATCH(BI25,$O$92:$X$92,0))*0.86,P25)} -> #N/A | BO25: 1 | BP25: 3 | BQ25: ='Программа тренировок '!M216 | BR25: {=MROUND(BN25/INDEX($O$93:$X$100,MATCH(BQ25,$N$93:$N$100,0),MATCH(BP25,$O$92:$X$92,0))*0.82,P25)} -> #N/A | BS25: 3 | BT25: 4 | BU25: {=MROUND(BN25/INDEX($O$93:$X$100,MATCH(BQ25,$N$93:$N$100,0),MATCH(BP25,$O$92:$X$92,0))*0.91,P25)} -> #N/A | BV25: 1 | BW25: 3 | BX25: ='Программа тренировок '!T216 | BY25: {=MROUND(BU25/INDEX($O$93:$X$100,MATCH(BX25,$N$93:$N$100,0),MATCH(BW25,$O$92:$X$92,0))*0.84,P25)} -> #N/A | BZ25: 3 | CA25: 4
I26: Округлить до↓ | L26: Ягодичный мост | N26: ='Программа тренировок '!C119 | O26: ='Программа тренировок '!D119 | P26: ='Формулы'!I19 -> 2.5 | Q26: =MROUND(N26/INDEX($O$93:$X$100,MATCH(10,$N$93:$N$100,0),MATCH(O26,$O$92:$X$92,0))*0.8,P26) -> #N/A | R26: 1 | S26: 5 | T26: ='Программа тренировок '!F162 | U26: =MROUND(Q26/INDEX($O$93:$X$100,MATCH(T26,$N$93:$N$100,0),MATCH(S26,$O$92:$X$92,0))*0.75,P26) -> #N/A | V26: 3 | W26: 6 | X26: {=MROUND(Q26/INDEX($O$93:$X$100,MATCH(T26,$N$93:$N$100,0),MATCH(S26,$O$92:$X$92,0))*0.84,P26)} -> #N/A | Y26: 1 | Z26: 4 | AA26: ='Программа тренировок '!M162 | AB26: {=MROUND(X26/INDEX($O$93:$X$100,MATCH(AA26,$N$93:$N$100,0),MATCH(Z26,$O$92:$X$92,0))*0.8,P26)} -> #N/A | AC26: 3 | AD26: 5 | AE26: {=MROUND(X26/INDEX($O$93:$X$100,MATCH(AA26,$N$93:$N$100,0),MATCH(Z26,$O$92:$X$92,0))*0.88,P26)} -> #N/A | AF26: 1 | AG26: 3 | AH26: ='Программа тренировок '!T162 | AI26: {=MROUND(AE26/INDEX($O$93:$X$100,MATCH(AH26,$N$93:$N$100,0),MATCH(AG26,$O$92:$X$92,0))*0.85,P26)} -> #N/A | AJ26: 3 | AK26: 4 | AL26: =MROUND(AE26/INDEX($O$93:$X$100,MATCH(AH26,$N$93:$N$100,0),MATCH(AG26,$O$92:$X$92,0))*0.82,P26) -> #N/A | AM26: 1 | AN26: 4 | AO26: ='Программа тренировок '!F189 | AP26: =MROUND(AL26/INDEX($O$93:$X$100,MATCH(AO26,$N$93:$N$100,0),MATCH(AN26,$O$92:$X$92,0))*0.79,P26) -> #N/A | AQ26: 3 | AR26: 5 | AS26: {=MROUND(AL26/INDEX($O$93:$X$100,MATCH(AO26,$N$93:$N$100,0),MATCH(AN26,$O$92:$X$92,0))*0.86,P26)} -> #N/A | AT26: 1 | AU26: 3 | AV26: ='Программа тренировок '!M189 | AW26: {=MROUND(AS26/INDEX($O$93:$X$100,MATCH(AV26,$N$93:$N$100,0),MATCH(AU26,$O$92:$X$92,0))*0.82,P26)} -> #N/A | AX26: 3 | AY26: 4 | AZ26: {=MROUND(AS26/INDEX($O$93:$X$100,MATCH(AV26,$N$93:$N$100,0),MATCH(AU26,$O$92:$X$92,0))*0.92,P26)} -> #N/A | BA26: 1 | BB26: 2 | BC26: ='Программа тренировок '!T189 | BD26: {=MROUND(AZ26/INDEX($O$93:$X$100,MATCH(BC26,$N$93:$N$100,0),MATCH(BB26,$O$92:$X$92,0))*0.86,P26)} -> #N/A | BE26: 3 | BF26: 3 | BG26: {=MROUND(AZ26/INDEX($O$93:$X$100,MATCH(BC26,$N$93:$N$100,0),MATCH(BB26,$O$92:$X$92,0))*0.81,P26)} -> #N/A | BH26: 1 | BI26: 3 | BJ26: ='Программа тренировок '!F216 | BK26: =MROUND(BG26/INDEX($O$93:$X$100,MATCH(BJ26,$N$93:$N$100,0),MATCH(BI26,$O$92:$X$92,0))*0.81,P26) -> #N/A | BL26: 3 | BM26: 4 | BN26: {=MROUND(BG26/INDEX($O$93:$X$100,MATCH(BJ26,$N$93:$N$100,0),MATCH(BI26,$O$92:$X$92,0))*0.89,P26)} -> #N/A | BO26: 1 | BP26: 2 | BQ26: ='Программа тренировок '!M216 | BR26: {=MROUND(BN26/INDEX($O$93:$X$100,MATCH(BQ26,$N$93:$N$100,0),MATCH(BP26,$O$92:$X$92,0))*0.84,P26)} -> #N/A | BS26: 3 | BT26: 3 | BU26: {=MROUND(BN26/INDEX($O$93:$X$100,MATCH(BQ26,$N$93:$N$100,0),MATCH(BP26,$O$92:$X$92,0))*0.97,P26)} -> #N/A | BV26: 1 | BW26: 1 | BX26: ='Программа тренировок '!T216 | BY26: {=MROUND(BU26/INDEX($O$93:$X$100,MATCH(BX26,$N$93:$N$100,0),MATCH(BW26,$O$92:$X$92,0))*0.89,P26)} -> #N/A | BZ26: 3 | CA26: 2
I27: ='Программа тренировок '!E93 -> 2.5
I28: ='Программа тренировок '!E94 -> 2.5 | L28: Жим штанги лёжа | N28: =IF('Программа тренировок '!B77='Программа тренировок '!B87, 'Формулы'!N9, 'Программа тренировок '!C121) | O28: =IF('Программа тренировок '!B77='Программа тренировок '!B87, 'Формулы'!O9, 'Программа тренировок '!D121) | P28: =IF('Программа тренировок '!B67='Программа тренировок '!B77, P9, 'Формулы'!I21) -> 2.5 | Q28: {=MROUND(N28/INDEX($O$93:$X$100,MATCH(10,$N$93:$N$100,0),MATCH(O28,$O$92:$X$92,0))*0.8,P28)} -> #N/A | R28: 1 | S28: 5 | T28: ='Программа тренировок '!F164 | U28: {=MROUND(Q28/INDEX($O$93:$X$100,MATCH(T28,$N$93:$N$100,0),MATCH(S28,$O$92:$X$92,0))*0.75,P28)} -> #N/A | V28: 3 | W28: 6 | X28: {=MROUND(Q28/INDEX($O$93:$X$100,MATCH(T28,$N$93:$N$100,0),MATCH(S28,$O$92:$X$92,0))*0.84,P28)} -> #N/A | Y28: 1 | Z28: 4 | AA28: ='Программа тренировок '!M164 | AB28: {=MROUND(X28/INDEX($O$93:$X$100,MATCH(AA28,$N$93:$N$100,0),MATCH(Z28,$O$92:$X$92,0))*0.8,P28)} -> #N/A | AC28: 3 | AD28: 5 | AE28: {=MROUND(X28/INDEX($O$93:$X$100,MATCH(AA28,$N$93:$N$100,0),MATCH(Z28,$O$92:$X$92,0))*0.88,P28)} -> #N/A | AF28: 1 | AG28: 3 | AH28: ='Программа тренировок '!T164 | AI28: {=MROUND(AE28/INDEX($O$93:$X$100,MATCH(AH28,$N$93:$N$100,0),MATCH(AG28,$O$92:$X$92,0))*0.85,P28)} -> #N/A | AJ28: 3 | AK28: 4 | AL28: {=MROUND(AE28/INDEX($O$93:$X$100,MATCH(AH28,$N$93:$N$100,0),MATCH(AG28,$O$92:$X$92,0))*0.82,P28)} -> #N/A | AM28: 1 | AN28: 4 | AO28: ='Программа тренировок '!F191 | AP28: {=MROUND(AL28/INDEX($O$93:$X$100,MATCH(AO28,$N$93:$N$100,0),MATCH(AN28,$O$92:$X$92,0))*0.79,P28)} -> #N/A | AQ28: 3 | AR28: 5 | AS28: {=MROUND(AL28/INDEX($O$93:$X$100,MATCH(AO28,$N$93:$N$100,0),MATCH(AN28,$O$92:$X$92,0))*0.86,P28)} -> #N/A | AT28: 1 | AU28: 3 | AV28: ='Программа тренировок '!M191 | AW28: {=MROUND(AS28/INDEX($O$93:$X$100,MATCH(AV28,$N$93:$N$100,0),MATCH(AU28,$O$92:$X$92,0))*0.82,P28)} -> #N/A | AX28: 3 | AY28: 4 | AZ28: {=MROUND(AS28/INDEX($O$93:$X$100,MATCH(AV28,$N$93:$N$100,0),MATCH(AU28,$O$92:$X$92,0))*0.92,P28)} -> #N/A | BA28: 1 | BB28: 2 | BC28: ='Программа тренировок '!T191 | BD28: {=MROUND(AZ28/INDEX($O$93:$X$100,MATCH(BC28,$N$93:$N$100,0),MATCH(BB28,$O$92:$X$92,0))*0.86,P28)} -> #N/A | BE28: 3 | BF28: 3 | BG28: =MROUND(AZ28/INDEX($O$93:$X$100,MATCH(BC28,$N$93:$N$100,0),MATCH(BB28,$O$92:$X$92,0))*0.81,P28) -> #N/A | BH28: 1 | BI28: 3 | BJ28: ='Программа тренировок '!F218 | BK28: {=MROUND(BG28/INDEX($O$93:$X$100,MATCH(BJ28,$N$93:$N$100,0),MATCH(BI28,$O$92:$X$92,0))*0.81,P28)} -> #N/A | BL28: 3 | BM28: 4 | BN28: {=MROUND(BG28/INDEX($O$93:$X$100,MATCH(BJ28,$N$93:$N$100,0),MATCH(BI28,$O$92:$X$92,0))*0.89,P28)} -> #N/A | BO28: 1 | BP28: 2 | BQ28: ='Программа тренировок '!M218 | BR28: {=MROUND(BN28/INDEX($O$93:$X$100,MATCH(BQ28,$N$93:$N$100,0),MATCH(BP28,$O$92:$X$92,0))*0.84,P28)} -> #N/A | BS28: 3 | BT28: 3 | BU28: {=MROUND(BN28/INDEX($O$93:$X$100,MATCH(BQ28,$N$93:$N$100,0),MATCH(BP28,$O$92:$X$92,0))*0.97,P28)} -> #N/A | BV28: 1 | BW28: 1 | BX28: ='Программа тренировок '!T218 | BY28: {=MROUND(BU28/INDEX($O$93:$X$100,MATCH(BX28,$N$93:$N$100,0),MATCH(BW28,$O$92:$X$92,0))*0.89,P28)} -> #N/A | BZ28: 3 | CA28: 2
I29: ='Программа тренировок '!E95 -> 2.5 | L29: Жим гантелей лёжа | N29: ='Программа тренировок '!C121 | O29: ='Программа тренировок '!D121 | P29: ='Формулы'!I21 -> 2.5 | Q29: {=MROUND(N29/INDEX($O$93:$X$100,MATCH(10,$N$93:$N$100,0),MATCH(O29,$O$92:$X$92,0))*0.76,P29)} -> #N/A | R29: 3 | S29: 6 | T29: ='Программа тренировок '!F164 | U29: {=MROUND(Q29/INDEX($O$93:$X$100,MATCH(T29,$N$93:$N$100,0),MATCH(S29,$O$92:$X$92,0))*0.72,P29)} -> #N/A | V29: 1 | W29: до отказа | X29: {=MROUND(Q29/INDEX($O$93:$X$100,MATCH(T29,$N$93:$N$100,0),MATCH(S29,$O$92:$X$92,0))*0.79,P29)} -> #N/A | Y29: 3 | Z29: 6 | AA29: ='Программа тренировок '!M164 | AB29: {=MROUND(X29/INDEX($O$93:$X$100,MATCH(AA29,$N$93:$N$100,0),MATCH(Z29,$O$92:$X$92,0))*0.76,P29)} -> #N/A | AC29: 1 | AD29: до отказа | AE29: {=MROUND(X29/INDEX($O$93:$X$100,MATCH(AA29,$N$93:$N$100,0),MATCH(Z29,$O$92:$X$92,0))*0.81,P29)} -> #N/A | AF29: 3 | AG29: 6 | AH29: ='Программа тренировок '!T164 | AI29: =MROUND(AE29/INDEX($O$93:$X$100,MATCH(AH29,$N$93:$N$100,0),MATCH(AG29,$O$92:$X$92,0))*0.79,P29) -> #N/A | AJ29: 1 | AK29: до отказа | AL29: {=MROUND(AE29/INDEX($O$93:$X$100,MATCH(AH29,$N$93:$N$100,0),MATCH(AG29,$O$92:$X$92,0))*0.79,P29)} -> #N/A | AM29: 3 | AN29: 5 | AO29: ='Программа тренировок '!F191 | AP29: {=MROUND(AL29/INDEX($O$93:$X$100,MATCH(AO29,$N$93:$N$100,0),MATCH(AN29,$O$92:$X$92,0))*0.76,P29)} -> #N/A | AQ29: 1 | AR29: до отказа | AS29: {=MROUND(AL29/INDEX($O$93:$X$100,MATCH(AO29,$N$93:$N$100,0),MATCH(AN29,$O$92:$X$92,0))*0.82,P29)} -> #N/A | AT29: 3 | AU29: 5 | AV29: ='Программа тренировок '!M191 | AW29: {=MROUND(AS29/INDEX($O$93:$X$100,MATCH(AV29,$N$93:$N$100,0),MATCH(AU29,$O$92:$X$92,0))*0.79,P29)} -> #N/A | AX29: 1 | AY29: до отказа | AZ29: {=MROUND(AS29/INDEX($O$93:$X$100,MATCH(AV29,$N$93:$N$100,0),MATCH(AU29,$O$92:$X$92,0))*0.84,P29)} -> #N/A | BA29: 3 | BB29: 5 | BC29: ='Программа тренировок '!T191 | BD29: =MROUND(AZ29/INDEX($O$93:$X$100,MATCH(BC29,$N$93:$N$100,0),MATCH(BB29,$O$92:$X$92,0))*0.81,P29) -> #N/A | BE29: 1 | BF29: до отказа | BG29: =MROUND(AZ29/INDEX($O$93:$X$100,MATCH(BC29,$N$93:$N$100,0),MATCH(BB29,$O$92:$X$92,0))*0.81,P29) -> #N/A | BH29: 3 | BI29: 4 | BJ29: ='Программа тренировок '!F218 | BK29: {=MROUND(BG29/INDEX($O$93:$X$100,MATCH(BJ29,$N$93:$N$100,0),MATCH(BI29,$O$92:$X$92,0))*0.78,P29)} -> #N/A | BL29: 1 | BM29: до отказа | BN29: {=MROUND(BG29/INDEX($O$93:$X$100,MATCH(BJ29,$N$93:$N$100,0),MATCH(BI29,$O$92:$X$92,0))*0.83,P29)} -> #N/A | BO29: 3 | BP29: 4 | BQ29: ='Программа тренировок '!M218 | BR29: {=MROUND(BN29/INDEX($O$93:$X$100,MATCH(BQ29,$N$93:$N$100,0),MATCH(BP29,$O$92:$X$92,0))*0.8,P29)} -> #N/A | BS29: 1 | BT29: до отказа | BU29: {=MROUND(BN29/INDEX($O$93:$X$100,MATCH(BQ29,$N$93:$N$100,0),MATCH(BP29,$O$92:$X$92,0))*0.85,P29)} -> #N/A | BV29: 3 | BW29: 4 | BX29: ='Программа тренировок '!T218 | BY29: {=MROUND(BU29/INDEX($O$93:$X$100,MATCH(BX29,$N$93:$N$100,0),MATCH(BW29,$O$92:$X$92,0))*0.81,P29)} -> #N/A | BZ29: 1 | CA29: до отказа
I30: ='Программа тренировок '!E96 -> 3 | L30: Жим штанги лёжа на наклонной скамье | N30: =IF('Программа тренировок '!B77='Программа тренировок '!B87, 'Формулы'!N9, 'Программа тренировок '!C121) | O30: =IF('Программа тренировок '!B77='Программа тренировок '!B87, 'Формулы'!O11, 'Программа тренировок '!D121) | P30: =IF('Программа тренировок '!B67='Программа тренировок '!B77, P11, 'Формулы'!I21) -> 2.5 | Q30: {=MROUND(N30/INDEX($O$93:$X$100,MATCH(10,$N$93:$N$100,0),MATCH(O30,$O$92:$X$92,0))*0.8,P30)} -> #N/A | R30: 1 | S30: 5 | T30: ='Программа тренировок '!F164 | U30: {=MROUND(Q30/INDEX($O$93:$X$100,MATCH(T30,$N$93:$N$100,0),MATCH(S30,$O$92:$X$92,0))*0.75,P30)} -> #N/A | V30: 3 | W30: 6 | X30: {=MROUND(Q30/INDEX($O$93:$X$100,MATCH(T30,$N$93:$N$100,0),MATCH(S30,$O$92:$X$92,0))*0.82,P30)} -> #N/A | Y30: 1 | Z30: 5 | AA30: ='Программа тренировок '!M164 | AB30: {=MROUND(X30/INDEX($O$93:$X$100,MATCH(AA30,$N$93:$N$100,0),MATCH(Z30,$O$92:$X$92,0))*0.77,P30)} -> #N/A | AC30: 3 | AD30: 6 | AE30: {=MROUND(X30/INDEX($O$93:$X$100,MATCH(AA30,$N$93:$N$100,0),MATCH(Z30,$O$92:$X$92,0))*0.85,P30)} -> #N/A | AF30: 1 | AG30: 5 | AH30: ='Программа тренировок '!T164 | AI30: =MROUND(AE30/INDEX($O$93:$X$100,MATCH(AH30,$N$93:$N$100,0),MATCH(AG30,$O$92:$X$92,0))*0.79,P30) -> #N/A | AJ30: 3 | AK30: 6 | AL30: {=MROUND(AE30/INDEX($O$93:$X$100,MATCH(AH30,$N$93:$N$100,0),MATCH(AG30,$O$92:$X$92,0))*0.82,P30)} -> #N/A | AM30: 1 | AN30: 4 | AO30: ='Программа тренировок '!F191 | AP30: {=MROUND(AL30/INDEX($O$93:$X$100,MATCH(AO30,$N$93:$N$100,0),MATCH(AN30,$O$92:$X$92,0))*0.79,P30)} -> #N/A | AQ30: 3 | AR30: 5 | AS30: {=MROUND(AL30/INDEX($O$93:$X$100,MATCH(AO30,$N$93:$N$100,0),MATCH(AN30,$O$92:$X$92,0))*0.85,P30)} -> #N/A | AT30: 1 | AU30: 4 | AV30: ='Программа тренировок '!M191 | AW30: {=MROUND(AS30/INDEX($O$93:$X$100,MATCH(AV30,$N$93:$N$100,0),MATCH(AU30,$O$92:$X$92,0))*0.8,P30)} -> #N/A | AX30: 3 | AY30: 5 | AZ30: {=MROUND(AS30/INDEX($O$93:$X$100,MATCH(AV30,$N$93:$N$100,0),MATCH(AU30,$O$92:$X$92,0))*0.88,P30)} -> #N/A | BA30: 1 | BB30: 4 | BC30: ='Программа тренировок '!T191 | BD30: =MROUND(AZ30/INDEX($O$93:$X$100,MATCH(BC30,$N$93:$N$100,0),MATCH(BB30,$O$92:$X$92,0))*0.81,P30) -> #N/A | BE30: 3 | BF30: 5 | BG30: {=MROUND(AZ30/INDEX($O$93:$X$100,MATCH(BC30,$N$93:$N$100,0),MATCH(BB30,$O$92:$X$92,0))*0.83,P30)} -> #N/A | BH30: 1 | BI30: 3 | BJ30: ='Программа тренировок '!F218 | BK30: {=MROUND(BG30/INDEX($O$93:$X$100,MATCH(BJ30,$N$93:$N$100,0),MATCH(BI30,$O$92:$X$92,0))*0.81,P30)} -> #N/A | BL30: 3 | BM30: 4 | BN30: {=MROUND(BG30/INDEX($O$93:$X$100,MATCH(BJ30,$N$93:$N$100,0),MATCH(BI30,$O$92:$X$92,0))*0.86,P30)} -> #N/A | BO30: 1 | BP30: 3 | BQ30: ='Программа тренировок '!M218 | BR30: {=MROUND(BN30/INDEX($O$93:$X$100,MATCH(BQ30,$N$93:$N$100,0),MATCH(BP30,$O$92:$X$92,0))*0.82,P30)} -> #N/A | BS30: 3 | BT30: 4 | BU30: {=MROUND(BN30/INDEX($O$93:$X$100,MATCH(BQ30,$N$93:$N$100,0),MATCH(BP30,$O$92:$X$92,0))*0.91,P30)} -> #N/A | BV30: 1 | BW30: 3 | BX30: ='Программа тренировок '!T218 | BY30: {=MROUND(BU30/INDEX($O$93:$X$100,MATCH(BX30,$N$93:$N$100,0),MATCH(BW30,$O$92:$X$92,0))*0.84,P30)} -> #N/A | BZ30: 3 | CA30: 4
I31: ='Программа тренировок '!E97
L33: Подъём штанги на бицепс | N33: ='Программа тренировок '!C120 | O33: ='Программа тренировок '!D120 | P33: ='Формулы'!I20 -> 2.5 | Q33: {=MROUND(N33/INDEX($O$93:$X$100,MATCH(10,$N$93:$N$100,0),MATCH(O33,$O$92:$X$92,0))*0.8,P33)} -> #N/A | R33: 3 | S33: 5 | T33: ='Программа тренировок '!F163 | U33: {=MROUND(Q33/INDEX($O$93:$X$100,MATCH(T33,$N$93:$N$100,0),MATCH(S33,$O$92:$X$92,0))*0.75,P33)} -> #N/A | V33: 3 | W33: 6 | X33: {=MROUND(Q33/INDEX($O$93:$X$100,MATCH(T33,$N$93:$N$100,0),MATCH(S33,$O$92:$X$92,0))*0.82,P33)} -> #N/A | Y33: 3 | Z33: 5 | AA33: ='Программа тренировок '!M163 | AB33: {=MROUND(X33/INDEX($O$93:$X$100,MATCH(AA33,$N$93:$N$100,0),MATCH(Z33,$O$92:$X$92,0))*0.77,P33)} -> #N/A | AC33: 3 | AD33: 6 | AE33: {=MROUND(X33/INDEX($O$93:$X$100,MATCH(AA33,$N$93:$N$100,0),MATCH(Z33,$O$92:$X$92,0))*0.85,P33)} -> #N/A | AF33: 3 | AG33: 5 | AH33: ='Программа тренировок '!T163 | AI33: =MROUND(AE33/INDEX($O$93:$X$100,MATCH(AH33,$N$93:$N$100,0),MATCH(AG33,$O$92:$X$92,0))*0.79,P33) -> #N/A | AJ33: 3 | AK33: 6 | AL33: {=MROUND(AE33/INDEX($O$93:$X$100,MATCH(AH33,$N$93:$N$100,0),MATCH(AG33,$O$92:$X$92,0))*0.82,P33)} -> #N/A | AM33: 3 | AN33: 4 | AO33: ='Программа тренировок '!F190 | AP33: {=MROUND(AL33/INDEX($O$93:$X$100,MATCH(AO33,$N$93:$N$100,0),MATCH(AN33,$O$92:$X$92,0))*0.79,P33)} -> #N/A | AQ33: 3 | AR33: 5 | AS33: {=MROUND(AL33/INDEX($O$93:$X$100,MATCH(AO33,$N$93:$N$100,0),MATCH(AN33,$O$92:$X$92,0))*0.85,P33)} -> #N/A | AT33: 3 | AU33: 4 | AV33: ='Программа тренировок '!M190 | AW33: {=MROUND(AS33/INDEX($O$93:$X$100,MATCH(AV33,$N$93:$N$100,0),MATCH(AU33,$O$92:$X$92,0))*0.8,P33)} -> #N/A | AX33: 3 | AY33: 5 | AZ33: {=MROUND(AS33/INDEX($O$93:$X$100,MATCH(AV33,$N$93:$N$100,0),MATCH(AU33,$O$92:$X$92,0))*0.88,P33)} -> #N/A | BA33: 3 | BB33: 4 | BC33: ='Программа тренировок '!T190 | BD33: =MROUND(AZ33/INDEX($O$93:$X$100,MATCH(BC33,$N$93:$N$100,0),MATCH(BB33,$O$92:$X$92,0))*0.81,P33) -> #N/A | BE33: 3 | BF33: 5 | BG33: {=MROUND(AZ33/INDEX($O$93:$X$100,MATCH(BC33,$N$93:$N$100,0),MATCH(BB33,$O$92:$X$92,0))*0.83,P33)} -> #N/A | BH33: 3 | BI33: 3 | BJ33: ='Программа тренировок '!F217 | BK33: {=MROUND(BG33/INDEX($O$93:$X$100,MATCH(BJ33,$N$93:$N$100,0),MATCH(BI33,$O$92:$X$92,0))*0.81,P33)} -> #N/A | BL33: 3 | BM33: 4 | BN33: {=MROUND(BG33/INDEX($O$93:$X$100,MATCH(BJ33,$N$93:$N$100,0),MATCH(BI33,$O$92:$X$92,0))*0.86,P33)} -> #N/A | BO33: 3 | BP33: 3 | BQ33: ='Программа тренировок '!M217 | BR33: {=MROUND(BN33/INDEX($O$93:$X$100,MATCH(BQ33,$N$93:$N$100,0),MATCH(BP33,$O$92:$X$92,0))*0.82,P33)} -> #N/A | BS33: 3 | BT33: 4 | BU33: {=MROUND(BN33/INDEX($O$93:$X$100,MATCH(BQ33,$N$93:$N$100,0),MATCH(BP33,$O$92:$X$92,0))*0.91,P33)} -> #N/A | BV33: 3 | BW33: 3 | BX33: ='Программа тренировок '!T217 | BY33: {=MROUND(BU33/INDEX($O$93:$X$100,MATCH(BX33,$N$93:$N$100,0),MATCH(BW33,$O$92:$X$92,0))*0.84,P33)} -> #N/A | BZ33: 3 | CA33: 4
L34: Молот | N34: ='Программа тренировок '!C120 | O34: ='Программа тренировок '!D120 | P34: ='Формулы'!I20 -> 2.5 | Q34: {=MROUND(N34/INDEX($O$93:$X$100,MATCH(10,$N$93:$N$100,0),MATCH(O34,$O$92:$X$92,0))*0.76,P34)} -> #N/A | R34: 3 | S34: 6 | T34: ='Программа тренировок '!F163 | U34: {=MROUND(Q34/INDEX($O$93:$X$100,MATCH(T34,$N$93:$N$100,0),MATCH(S34,$O$92:$X$92,0))*0.72,P34)} -> #N/A | V34: 1 | W34: до отказа | X34: {=MROUND(Q34/INDEX($O$93:$X$100,MATCH(T34,$N$93:$N$100,0),MATCH(S34,$O$92:$X$92,0))*0.79,P34)} -> #N/A | Y34: 3 | Z34: 6 | AA34: ='Программа тренировок '!M163 | AB34: {=MROUND(X34/INDEX($O$93:$X$100,MATCH(AA34,$N$93:$N$100,0),MATCH(Z34,$O$92:$X$92,0))*0.76,P34)} -> #N/A | AC34: 1 | AD34: до отказа | AE34: {=MROUND(X34/INDEX($O$93:$X$100,MATCH(AA34,$N$93:$N$100,0),MATCH(Z34,$O$92:$X$92,0))*0.81,P34)} -> #N/A | AF34: 3 | AG34: 6 | AH34: ='Программа тренировок '!T163 | AI34: =MROUND(AE34/INDEX($O$93:$X$100,MATCH(AH34,$N$93:$N$100,0),MATCH(AG34,$O$92:$X$92,0))*0.79,P34) -> #N/A | AJ34: 1 | AK34: до отказа | AL34: {=MROUND(AE34/INDEX($O$93:$X$100,MATCH(AH34,$N$93:$N$100,0),MATCH(AG34,$O$92:$X$92,0))*0.79,P34)} -> #N/A | AM34: 3 | AN34: 5 | AO34: ='Программа тренировок '!F190 | AP34: {=MROUND(AL34/INDEX($O$93:$X$100,MATCH(AO34,$N$93:$N$100,0),MATCH(AN34,$O$92:$X$92,0))*0.76,P34)} -> #N/A | AQ34: 1 | AR34: до отказа | AS34: {=MROUND(AL34/INDEX($O$93:$X$100,MATCH(AO34,$N$93:$N$100,0),MATCH(AN34,$O$92:$X$92,0))*0.82,P34)} -> #N/A | AT34: 3 | AU34: 5 | AV34: ='Программа тренировок '!M190 | AW34: {=MROUND(AS34/INDEX($O$93:$X$100,MATCH(AV34,$N$93:$N$100,0),MATCH(AU34,$O$92:$X$92,0))*0.79,P34)} -> #N/A | AX34: 1 | AY34: до отказа | AZ34: {=MROUND(AS34/INDEX($O$93:$X$100,MATCH(AV34,$N$93:$N$100,0),MATCH(AU34,$O$92:$X$92,0))*0.84,P34)} -> #N/A | BA34: 3 | BB34: 5 | BC34: ='Программа тренировок '!T190 | BD34: =MROUND(AZ34/INDEX($O$93:$X$100,MATCH(BC34,$N$93:$N$100,0),MATCH(BB34,$O$92:$X$92,0))*0.81,P34) -> #N/A | BE34: 1 | BF34: до отказа | BG34: {=MROUND(AZ34/INDEX($O$93:$X$100,MATCH(BC34,$N$93:$N$100,0),MATCH(BB34,$O$92:$X$92,0))*0.81,P34)} -> #N/A | BH34: 3 | BI34: 4 | BJ34: ='Программа тренировок '!F217 | BK34: {=MROUND(BG34/INDEX($O$93:$X$100,MATCH(BJ34,$N$93:$N$100,0),MATCH(BI34,$O$92:$X$92,0))*0.78,P34)} -> #N/A | BL34: 1 | BM34: до отказа | BN34: {=MROUND(BG34/INDEX($O$93:$X$100,MATCH(BJ34,$N$93:$N$100,0),MATCH(BI34,$O$92:$X$92,0))*0.83,P34)} -> #N/A | BO34: 3 | BP34: 4 | BQ34: ='Программа тренировок '!M217 | BR34: {=MROUND(BN34/INDEX($O$93:$X$100,MATCH(BQ34,$N$93:$N$100,0),MATCH(BP34,$O$92:$X$92,0))*0.8,P34)} -> #N/A | BS34: 1 | BT34: до отказа | BU34: {=MROUND(BN34/INDEX($O$93:$X$100,MATCH(BQ34,$N$93:$N$100,0),MATCH(BP34,$O$92:$X$92,0))*0.85,P34)} -> #N/A | BV34: 3 | BW34: 4 | BX34: ='Программа тренировок '!T217 | BY34: {=MROUND(BU34/INDEX($O$93:$X$100,MATCH(BX34,$N$93:$N$100,0),MATCH(BW34,$O$92:$X$92,0))*0.81,P34)} -> #N/A | BZ34: 1 | CA34: до отказа
L36: Жим лёжа узким хватом | N36: ='Программа тренировок '!C122 | O36: ='Программа тренировок '!D122 | P36: ='Формулы'!I22 -> 3 | Q36: {=MROUND(N36/INDEX($O$93:$X$100,MATCH(10,$N$93:$N$100,0),MATCH(O36,$O$92:$X$92,0))*0.8,P36)} -> #N/A | R36: 1 | S36: 5 | T36: ='Программа тренировок '!F165 | U36: {=MROUND(Q36/INDEX($O$93:$X$100,MATCH(T36,$N$93:$N$100,0),MATCH(S36,$O$92:$X$92,0))*0.75,P36)} -> #N/A | V36: 3 | W36: 6 | X36: {=MROUND(Q36/INDEX($O$93:$X$100,MATCH(T36,$N$93:$N$100,0),MATCH(S36,$O$92:$X$92,0))*0.82,P36)} -> #N/A | Y36: 1 | Z36: 5 | AA36: ='Программа тренировок '!M165 | AB36: {=MROUND(X36/INDEX($O$93:$X$100,MATCH(AA36,$N$93:$N$100,0),MATCH(Z36,$O$92:$X$92,0))*0.77,P36)} -> #N/A | AC36: 3 | AD36: 6 | AE36: {=MROUND(X36/INDEX($O$93:$X$100,MATCH(AA36,$N$93:$N$100,0),MATCH(Z36,$O$92:$X$92,0))*0.85,P36)} -> #N/A | AF36: 1 | AG36: 5 | AH36: ='Программа тренировок '!T165 | AI36: {=MROUND(AE36/INDEX($O$93:$X$100,MATCH(AH36,$N$93:$N$100,0),MATCH(AG36,$O$92:$X$92,0))*0.79,P36)} -> #N/A | AJ36: 3 | AK36: 6 | AL36: {=MROUND(AE36/INDEX($O$93:$X$100,MATCH(AH36,$N$93:$N$100,0),MATCH(AG36,$O$92:$X$92,0))*0.82,P36)} -> #N/A | AM36: 1 | AN36: 4 | AO36: ='Программа тренировок '!F192 | AP36: {=MROUND(AL36/INDEX($O$93:$X$100,MATCH(AO36,$N$93:$N$100,0),MATCH(AN36,$O$92:$X$92,0))*0.79,P36)} -> #N/A | AQ36: 3 | AR36: 5 | AS36: {=MROUND(AL36/INDEX($O$93:$X$100,MATCH(AO36,$N$93:$N$100,0),MATCH(AN36,$O$92:$X$92,0))*0.85,P36)} -> #N/A | AT36: 1 | AU36: 4 | AV36: ='Программа тренировок '!M192 | AW36: {=MROUND(AS36/INDEX($O$93:$X$100,MATCH(AV36,$N$93:$N$100,0),MATCH(AU36,$O$92:$X$92,0))*0.8,P36)} -> #N/A | AX36: 3 | AY36: 5 | AZ36: {=MROUND(AS36/INDEX($O$93:$X$100,MATCH(AV36,$N$93:$N$100,0),MATCH(AU36,$O$92:$X$92,0))*0.88,P36)} -> #N/A | BA36: 1 | BB36: 4 | BC36: ='Программа тренировок '!T192 | BD36: {=MROUND(AZ36/INDEX($O$93:$X$100,MATCH(BC36,$N$93:$N$100,0),MATCH(BB36,$O$92:$X$92,0))*0.81,P36)} -> #N/A | BE36: 3 | BF36: 5 | BG36: {=MROUND(AZ36/INDEX($O$93:$X$100,MATCH(BC36,$N$93:$N$100,0),MATCH(BB36,$O$92:$X$92,0))*0.83,P36)} -> #N/A | BH36: 1 | BI36: 3 | BJ36: ='Программа тренировок '!F219 | BK36: {=MROUND(BG36/INDEX($O$93:$X$100,MATCH(BJ36,$N$93:$N$100,0),MATCH(BI36,$O$92:$X$92,0))*0.81,P36)} -> #N/A | BL36: 3 | BM36: 4 | BN36: {=MROUND(BG36/INDEX($O$93:$X$100,MATCH(BJ36,$N$93:$N$100,0),MATCH(BI36,$O$92:$X$92,0))*0.86,P36)} -> #N/A | BO36: 1 | BP36: 3 | BQ36: ='Программа тренировок '!M219 | BR36: {=MROUND(BN36/INDEX($O$93:$X$100,MATCH(BQ36,$N$93:$N$100,0),MATCH(BP36,$O$92:$X$92,0))*0.82,P36)} -> #N/A | BS36: 3 | BT36: 4 | BU36: {=MROUND(BN36/INDEX($O$93:$X$100,MATCH(BQ36,$N$93:$N$100,0),MATCH(BP36,$O$92:$X$92,0))*0.91,P36)} -> #N/A | BV36: 1 | BW36: 3 | BX36: ='Программа тренировок '!T219 | BY36: {=MROUND(BU36/INDEX($O$93:$X$100,MATCH(BX36,$N$93:$N$100,0),MATCH(BW36,$O$92:$X$92,0))*0.84,P36)} -> #N/A | BZ36: 3 | CA36: 4
L37: Отжимания на брусьях (собственный вес) | N37: ='Программа тренировок '!C122 | O37: ='Программа тренировок '!D122 | P37: ='Формулы'!I22 -> 3 | Q37: собств. | R37: 1 | S37: =O37-2 -> -2 | T37: ='Программа тренировок '!F165 | U37: собств. | V37: 4 | W37: =FLOOR((10-T37+S37)-3,1) -> 5 | X37: собств. | Y37: 1 | Z37: =FLOOR((10-T37+S37)-1,1) -> 7 | AA37: ='Программа тренировок '!M165 | AB37: собств. | AC37: 4 | AD37: =FLOOR((10-AA37+Z37)-2,1) -> 15 | AE37: собств. | AF37: 1 | AG37: =FLOOR((10-AA37+Z37),1) -> 17 | AH37: ='Программа тренировок '!T165 | AI37: собств. | AJ37: 3 | AK37: =FLOOR((10-AH37+AG37)-2,1) -> 25 | AL37: собств. | AM37: 1 | AN37: =FLOOR((10-AH37+AG37)-2,1) -> 25 | AO37: ='Программа тренировок '!F192 | AP37: собств. | AQ37: 4 | AR37: =FLOOR((10-AO37+AN37)-3,1) -> 32 | AS37: собств. | AT37: 1 | AU37: =FLOOR((10-AO37+AN37)-1,1) -> 34 | AV37: ='Программа тренировок '!M192 | AW37: собств. | AX37: 4 | AY37: =FLOOR((10-AV37+AU37)-2,1) -> 42 | AZ37: собств. | BA37: 1 | BB37: =FLOOR((10-AV37+AU37),1) -> 44 | BC37: ='Программа тренировок '!T192 | BD37: собств. | BE37: 3 | BF37: =FLOOR((10-BC37+BB37)-2,1) -> 52 | BG37: собств. | BH37: 1 | BI37: =FLOOR((10-BC37+BB37)-2,1) -> 52 | BJ37: ='Программа тренировок '!F219 | BK37: собств. | BL37: 4 | BM37: =FLOOR((10-BJ37+BI37)-3,1) -> 59 | BN37: собств. | BO37: 1 | BP37: =FLOOR((10-BJ37+BI37)-1,1) -> 61 | BQ37: ='Программа тренировок '!M219 | BR37: собств. | BS37: 3 | BT37: =FLOOR((10-BQ37+BP37)-2,1) -> 69 | BU37: собств. | BV37: 1 | BW37: =FLOOR((10-BQ37+BP37),1) -> 71 | BX37: ='Программа тренировок '!T219 | BY37: собств. | BZ37: 3 | CA37: =FLOOR((10-BQ37+BP37)-2,1) -> 69
L38: Разгибания рук на блоке | N38: ='Программа тренировок '!C122 | O38: ='Программа тренировок '!D122 | P38: ='Формулы'!I22 -> 3 | Q38: {=MROUND(N38/INDEX($O$93:$X$100,MATCH(10,$N$93:$N$100,0),MATCH(O38,$O$92:$X$92,0))*0.65,P38)} -> #N/A | R38: 3 | S38: 10 | T38: ='Программа тренировок '!F165 | U38: {=MROUND(Q38/INDEX($O$93:$X$100,MATCH(T38,$N$93:$N$100,0),MATCH(S38,$O$92:$X$92,0))*0.62,P38)} -> #N/A | V38: 1 | W38: до отказа | X38: {=MROUND(Q38/INDEX($O$93:$X$100,MATCH(T38,$N$93:$N$100,0),MATCH(S38,$O$92:$X$92,0))*0.67,P38)} -> #N/A | Y38: 3 | Z38: 10 | AA38: ='Программа тренировок '!M165 | AB38: {=MROUND(X38/INDEX($O$93:$X$100,MATCH(AA38,$N$93:$N$100,0),MATCH(Z38,$O$92:$X$92,0))*0.64,P38)} -> #N/A | AC38: 1 | AD38: до отказа | AE38: {=MROUND(X38/INDEX($O$93:$X$100,MATCH(AA38,$N$93:$N$100,0),MATCH(Z38,$O$92:$X$92,0))*0.69,P38)} -> #N/A | AF38: 3 | AG38: 10 | AH38: ='Программа тренировок '!T165 | AI38: {=MROUND(AE38/INDEX($O$93:$X$100,MATCH(AH38,$N$93:$N$100,0),MATCH(AG38,$O$92:$X$92,0))*0.67,P38)} -> #N/A | AJ38: 1 | AK38: до отказа | AL38: {=MROUND(AE38/INDEX($O$93:$X$100,MATCH(AH38,$N$93:$N$100,0),MATCH(AG38,$O$92:$X$92,0))*0.68,P38)} -> #N/A | AM38: 3 | AN38: 9 | AO38: ='Программа тренировок '!F192 | AP38: {=MROUND(AL38/INDEX($O$93:$X$100,MATCH(AO38,$N$93:$N$100,0),MATCH(AN38,$O$92:$X$92,0))*0.65,P38)} -> #N/A | AQ38: 1 | AR38: до отказа | AS38: {=MROUND(AL38/INDEX($O$93:$X$100,MATCH(AO38,$N$93:$N$100,0),MATCH(AN38,$O$92:$X$92,0))*0.69,P38)} -> #N/A | AT38: 3 | AU38: 9 | AV38: ='Программа тренировок '!M192 | AW38: {=MROUND(AS38/INDEX($O$93:$X$100,MATCH(AV38,$N$93:$N$100,0),MATCH(AU38,$O$92:$X$92,0))*0.66,P38)} -> #N/A | AX38: 1 | AY38: до отказа | AZ38: {=MROUND(AS38/INDEX($O$93:$X$100,MATCH(AV38,$N$93:$N$100,0),MATCH(AU38,$O$92:$X$92,0))*0.71,P38)} -> #N/A | BA38: 3 | BB38: 9 | BC38: ='Программа тренировок '!T192 | BD38: {=MROUND(AZ38/INDEX($O$93:$X$100,MATCH(BC38,$N$93:$N$100,0),MATCH(BB38,$O$92:$X$92,0))*0.68,P38)} -> #N/A | BE38: 1 | BF38: до отказа | BG38: {=MROUND(AZ38/INDEX($O$93:$X$100,MATCH(BC38,$N$93:$N$100,0),MATCH(BB38,$O$92:$X$92,0))*0.71,P38)} -> #N/A | BH38: 3 | BI38: 8 | BJ38: ='Программа тренировок '!F219 | BK38: {=MROUND(BG38/INDEX($O$93:$X$100,MATCH(BJ38,$N$93:$N$100,0),MATCH(BI38,$O$92:$X$92,0))*0.68,P38)} -> #N/A | BL38: 1 | BM38: до отказа | BN38: {=MROUND(BG38/INDEX($O$93:$X$100,MATCH(BJ38,$N$93:$N$100,0),MATCH(BI38,$O$92:$X$92,0))*0.72,P38)} -> #N/A | BO38: 3 | BP38: 8 | BQ38: ='Программа тренировок '!M219 | BR38: {=MROUND(BN38/INDEX($O$93:$X$100,MATCH(BQ38,$N$93:$N$100,0),MATCH(BP38,$O$92:$X$92,0))*0.69,P38)} -> #N/A | BS38: 1 | BT38: до отказа | BU38: {=MROUND(BN38/INDEX($O$93:$X$100,MATCH(BQ38,$N$93:$N$100,0),MATCH(BP38,$O$92:$X$92,0))*0.74,P38)} -> #N/A | BV38: 3 | BW38: 8 | BX38: ='Программа тренировок '!T219 | BY38: {=MROUND(BU38/INDEX($O$93:$X$100,MATCH(BX38,$N$93:$N$100,0),MATCH(BW38,$O$92:$X$92,0))*0.71,P38)} -> #N/A | BZ38: 1 | CA38: до отказа
L39: + | AL39: =+AH3AH39:AM39 -> #NAME?
L40: Шраги | N40: ='Программа тренировок '!C123 | O40: ='Программа тренировок '!D123 | P40: ='Формулы'!I23 -> 2.5 | Q40: {=MROUND(N40/INDEX($O$93:$X$100,MATCH(10,$N$93:$N$100,0),MATCH(O40,$O$92:$X$92,0))*0.8,P40)} -> #N/A | R40: 3 | S40: 5 | T40: ='Программа тренировок '!F166 | U40: {=MROUND(Q40/INDEX($O$93:$X$100,MATCH(T40,$N$93:$N$100,0),MATCH(S40,$O$92:$X$92,0))*0.75,P40)} -> #N/A | V40: 3 | W40: 6 | X40: {=MROUND(Q40/INDEX($O$93:$X$100,MATCH(T40,$N$93:$N$100,0),MATCH(S40,$O$92:$X$92,0))*0.82,P40)} -> #N/A | Y40: 3 | Z40: 5 | AA40: ='Программа тренировок '!M166 | AB40: {=MROUND(X40/INDEX($O$93:$X$100,MATCH(AA40,$N$93:$N$100,0),MATCH(Z40,$O$92:$X$92,0))*0.77,P40)} -> #N/A | AC40: 3 | AD40: 6 | AE40: {=MROUND(X40/INDEX($O$93:$X$100,MATCH(AA40,$N$93:$N$100,0),MATCH(Z40,$O$92:$X$92,0))*0.85,P40)} -> #N/A | AF40: 3 | AG40: 5 | AH40: ='Программа тренировок '!T166 | AI40: {=MROUND(AE40/INDEX($O$93:$X$100,MATCH(AH40,$N$93:$N$100,0),MATCH(AG40,$O$92:$X$92,0))*0.79,P40)} -> #N/A | AJ40: 3 | AK40: 6 | AL40: {=MROUND(AE40/INDEX($O$93:$X$100,MATCH(AH40,$N$93:$N$100,0),MATCH(AG40,$O$92:$X$92,0))*0.82,P40)} -> #N/A | AM40: 3 | AN40: 4 | AO40: ='Программа тренировок '!F193 | AP40: {=MROUND(AL40/INDEX($O$93:$X$100,MATCH(AO40,$N$93:$N$100,0),MATCH(AN40,$O$92:$X$92,0))*0.79,P40)} -> #N/A | AQ40: 3 | AR40: 5 | AS40: {=MROUND(AL40/INDEX($O$93:$X$100,MATCH(AO40,$N$93:$N$100,0),MATCH(AN40,$O$92:$X$92,0))*0.85,P40)} -> #N/A | AT40: 3 | AU40: 4 | AV40: ='Программа тренировок '!M193 | AW40: {=MROUND(AS40/INDEX($O$93:$X$100,MATCH(AV40,$N$93:$N$100,0),MATCH(AU40,$O$92:$X$92,0))*0.8,P40)} -> #N/A | AX40: 3 | AY40: 5 | AZ40: {=MROUND(AS40/INDEX($O$93:$X$100,MATCH(AV40,$N$93:$N$100,0),MATCH(AU40,$O$92:$X$92,0))*0.88,P40)} -> #N/A | BA40: 3 | BB40: 4 | BC40: ='Программа тренировок '!T193 | BD40: {=MROUND(AZ40/INDEX($O$93:$X$100,MATCH(BC40,$N$93:$N$100,0),MATCH(BB40,$O$92:$X$92,0))*0.81,P40)} -> #N/A | BE40: 3 | BF40: 5 | BG40: {=MROUND(AZ40/INDEX($O$93:$X$100,MATCH(BC40,$N$93:$N$100,0),MATCH(BB40,$O$92:$X$92,0))*0.83,P40)} -> #N/A | BH40: 3 | BI40: 3 | BJ40: ='Программа тренировок '!F220 | BK40: {=MROUND(BG40/INDEX($O$93:$X$100,MATCH(BJ40,$N$93:$N$100,0),MATCH(BI40,$O$92:$X$92,0))*0.81,P40)} -> #N/A | BL40: 3 | BM40: 4 | BN40: {=MROUND(BG40/INDEX($O$93:$X$100,MATCH(BJ40,$N$93:$N$100,0),MATCH(BI40,$O$92:$X$92,0))*0.86,P40)} -> #N/A | BO40: 3 | BP40: 3 | BQ40: ='Программа тренировок '!M220 | BR40: {=MROUND(BN40/INDEX($O$93:$X$100,MATCH(BQ40,$N$93:$N$100,0),MATCH(BP40,$O$92:$X$92,0))*0.82,P40)} -> #N/A | BS40: 3 | BT40: 4 | BU40: {=MROUND(BN40/INDEX($O$93:$X$100,MATCH(BQ40,$N$93:$N$100,0),MATCH(BP40,$O$92:$X$92,0))*0.91,P40)} -> #N/A | BV40: 3 | BW40: 3 | BX40: ='Программа тренировок '!T220 | BY40: {=MROUND(BU40/INDEX($O$93:$X$100,MATCH(BX40,$N$93:$N$100,0),MATCH(BW40,$O$92:$X$92,0))*0.84,P40)} -> #N/A | BZ40: 3 | CA40: 4
L41: Подъёмы на носки | N41: ='Программа тренировок '!C123 | O41: ='Программа тренировок '!D123 | P41: ='Формулы'!I23 -> 2.5 | Q41: {=MROUND(N41/INDEX($O$93:$X$100,MATCH(10,$N$93:$N$100,0),MATCH(O41,$O$92:$X$92,0))*0.65,P41)} -> #N/A | R41: 3 | S41: 10 | T41: ='Программа тренировок '!F166 | U41: {=MROUND(Q41/INDEX($O$93:$X$100,MATCH(T41,$N$93:$N$100,0),MATCH(S41,$O$92:$X$92,0))*0.62,P41)} -> #N/A | V41: 1 | W41: до отказа | X41: {=MROUND(Q41/INDEX($O$93:$X$100,MATCH(T41,$N$93:$N$100,0),MATCH(S41,$O$92:$X$92,0))*0.67,P41)} -> #N/A | Y41: 3 | Z41: 10 | AA41: ='Программа тренировок '!M166 | AB41: {=MROUND(X41/INDEX($O$93:$X$100,MATCH(AA41,$N$93:$N$100,0),MATCH(Z41,$O$92:$X$92,0))*0.64,P41)} -> #N/A | AC41: 1 | AD41: до отказа | AE41: {=MROUND(X41/INDEX($O$93:$X$100,MATCH(AA41,$N$93:$N$100,0),MATCH(Z41,$O$92:$X$92,0))*0.69,P41)} -> #N/A | AF41: 3 | AG41: 10 | AH41: ='Программа тренировок '!T166 | AI41: {=MROUND(AE41/INDEX($O$93:$X$100,MATCH(AH41,$N$93:$N$100,0),MATCH(AG41,$O$92:$X$92,0))*0.67,P41)} -> #N/A | AJ41: 1 | AK41: до отказа | AL41: {=MROUND(AE41/INDEX($O$93:$X$100,MATCH(AH41,$N$93:$N$100,0),MATCH(AG41,$O$92:$X$92,0))*0.68,P41)} -> #N/A | AM41: 3 | AN41: 9 | AO41: ='Программа тренировок '!F193 | AP41: {=MROUND(AL41/INDEX($O$93:$X$100,MATCH(AO41,$N$93:$N$100,0),MATCH(AN41,$O$92:$X$92,0))*0.65,P41)} -> #N/A | AQ41: 1 | AR41: до отказа | AS41: {=MROUND(AL41/INDEX($O$93:$X$100,MATCH(AO41,$N$93:$N$100,0),MATCH(AN41,$O$92:$X$92,0))*0.69,P41)} -> #N/A | AT41: 3 | AU41: 9 | AV41: ='Программа тренировок '!M193 | AW41: {=MROUND(AS41/INDEX($O$93:$X$100,MATCH(AV41,$N$93:$N$100,0),MATCH(AU41,$O$92:$X$92,0))*0.66,P41)} -> #N/A | AX41: 1 | AY41: до отказа | AZ41: {=MROUND(AS41/INDEX($O$93:$X$100,MATCH(AV41,$N$93:$N$100,0),MATCH(AU41,$O$92:$X$92,0))*0.71,P41)} -> #N/A | BA41: 3 | BB41: 9 | BC41: ='Программа тренировок '!T193 | BD41: {=MROUND(AZ41/INDEX($O$93:$X$100,MATCH(BC41,$N$93:$N$100,0),MATCH(BB41,$O$92:$X$92,0))*0.68,P41)} -> #N/A | BE41: 1 | BF41: до отказа | BG41: {=MROUND(AZ41/INDEX($O$93:$X$100,MATCH(BC41,$N$93:$N$100,0),MATCH(BB41,$O$92:$X$92,0))*0.71,P41)} -> #N/A | BH41: 3 | BI41: 8 | BJ41: ='Программа тренировок '!F220 | BK41: {=MROUND(BG41/INDEX($O$93:$X$100,MATCH(BJ41,$N$93:$N$100,0),MATCH(BI41,$O$92:$X$92,0))*0.68,P41)} -> #N/A | BL41: 1 | BM41: до отказа | BN41: {=MROUND(BG41/INDEX($O$93:$X$100,MATCH(BJ41,$N$93:$N$100,0),MATCH(BI41,$O$92:$X$92,0))*0.72,P41)} -> #N/A | BO41: 3 | BP41: 8 | BQ41: ='Программа тренировок '!M220 | BR41: {=MROUND(BN41/INDEX($O$93:$X$100,MATCH(BQ41,$N$93:$N$100,0),MATCH(BP41,$O$92:$X$92,0))*0.69,P41)} -> #N/A | BS41: 1 | BT41: до отказа | BU41: {=MROUND(BN41/INDEX($O$93:$X$100,MATCH(BQ41,$N$93:$N$100,0),MATCH(BP41,$O$92:$X$92,0))*0.74,P41)} -> #N/A | BV41: 3 | BW41: 8 | BX41: ='Программа тренировок '!T220 | BY41: {=MROUND(BU41/INDEX($O$93:$X$100,MATCH(BX41,$N$93:$N$100,0),MATCH(BW41,$O$92:$X$92,0))*0.71,P41)} -> #N/A | BZ41: 1 | CA41: до отказа
L44: Армейский жим | N44: ='Программа тренировок '!C128 | O44: ='Программа тренировок '!D128 | P44: ='Формулы'!I28 -> 2.5 | Q44: {=MROUND(N44/INDEX($O$93:$X$100,MATCH(10,$N$93:$N$100,0),MATCH(O44,$O$92:$X$92,0))*0.83,P44)} -> #N/A | R44: 1 | S44: 3 | T44: ='Программа тренировок '!F171 | U44: {=MROUND(Q44/INDEX($O$93:$X$100,MATCH(T44,$N$93:$N$100,0),MATCH(S44,$O$92:$X$92,0))*0.75,P44)} -> #N/A | V44: 3 | W44: 6 | X44: {=MROUND(Q44/INDEX($O$93:$X$100,MATCH(T44,$N$93:$N$100,0),MATCH(S44,$O$92:$X$92,0))*0.86,P44)} -> #N/A | Y44: 1 | Z44: 3 | AA44: ='Программа тренировок '!M171 | AB44: {=MROUND(X44/INDEX($O$93:$X$100,MATCH(AA44,$N$93:$N$100,0),MATCH(Z44,$O$92:$X$92,0))*0.8,P44)} -> #N/A | AC44: 3 | AD44: 5 | AE44: {=MROUND(X44/INDEX($O$93:$X$100,MATCH(AA44,$N$93:$N$100,0),MATCH(Z44,$O$92:$X$92,0))*0.9,P44)} -> #N/A | AF44: 1 | AG44: 3 | AH44: ='Программа тренировок '!T171 | AI44: {=MROUND(AE44/INDEX($O$93:$X$100,MATCH(AH44,$N$93:$N$100,0),MATCH(AG44,$O$92:$X$92,0))*0.85,P44)} -> #N/A | AJ44: 3 | AK44: 4 | AL44: {=MROUND(AE44/INDEX($O$93:$X$100,MATCH(AH44,$N$93:$N$100,0),MATCH(AG44,$O$92:$X$92,0))*0.86,P44)} -> #N/A | AM44: 1 | AN44: 2 | AO44: ='Программа тренировок '!F198 | AP44: {=MROUND(AL44/INDEX($O$93:$X$100,MATCH(AO44,$N$93:$N$100,0),MATCH(AN44,$O$92:$X$92,0))*0.79,P44)} -> #N/A | AQ44: 3 | AR44: 5 | AS44: {=MROUND(AL44/INDEX($O$93:$X$100,MATCH(AO44,$N$93:$N$100,0),MATCH(AN44,$O$92:$X$92,0))*0.89,P44)} -> #N/A | AT44: 1 | AU44: 2 | AV44: ='Программа тренировок '!M198 | AW44: {=MROUND(AS44/INDEX($O$93:$X$100,MATCH(AV44,$N$93:$N$100,0),MATCH(AU44,$O$92:$X$92,0))*0.82,P44)} -> #N/A | AX44: 3 | AY44: 4 | AZ44: {=MROUND(AS44/INDEX($O$93:$X$100,MATCH(AV44,$N$93:$N$100,0),MATCH(AU44,$O$92:$X$92,0))*0.92,P44)} -> #N/A | BA44: 1 | BB44: 2 | BC44: ='Программа тренировок '!T198 | BD44: {=MROUND(AZ44/INDEX($O$93:$X$100,MATCH(BC44,$N$93:$N$100,0),MATCH(BB44,$O$92:$X$92,0))*0.86,P44)} -> #N/A | BE44: 3 | BF44: 3 | BG44: {=MROUND(AZ44/INDEX($O$93:$X$100,MATCH(BC44,$N$93:$N$100,0),MATCH(BB44,$O$92:$X$92,0))*0.91,P44)} -> #N/A | BH44: 1 | BI44: 1 | BJ44: ='Программа тренировок '!F225 | BK44: {=MROUND(BG44/INDEX($O$93:$X$100,MATCH(BJ44,$N$93:$N$100,0),MATCH(BI44,$O$92:$X$92,0))*0.81,P44)} -> #N/A | BL44: 3 | BM44: 4 | BN44: {=MROUND(BG44/INDEX($O$93:$X$100,MATCH(BJ44,$N$93:$N$100,0),MATCH(BI44,$O$92:$X$92,0))*0.94,P44)} -> #N/A | BO44: 1 | BP44: 1 | BQ44: ='Программа тренировок '!M225 | BR44: {=MROUND(BN44/INDEX($O$93:$X$100,MATCH(BQ44,$N$93:$N$100,0),MATCH(BP44,$O$92:$X$92,0))*0.84,P44)} -> #N/A | BS44: 3 | BT44: 3 | BU44: {=MROUND(BN44/INDEX($O$93:$X$100,MATCH(BQ44,$N$93:$N$100,0),MATCH(BP44,$O$92:$X$92,0))*0.97,P44)} -> #N/A | BV44: 1 | BW44: 1 | BX44: ='Программа тренировок '!T225 | BY44: {=MROUND(BU44/INDEX($O$93:$X$100,MATCH(BX44,$N$93:$N$100,0),MATCH(BW44,$O$92:$X$92,0))*0.89,P44)} -> #N/A | BZ44: 3 | CA44: 2
L45: Жим гантелей сидя | N45: ='Программа тренировок '!C128 | O45: ='Программа тренировок '!D128 | P45: ='Формулы'!I28 -> 2.5 | Q45: {=MROUND(N45/INDEX($O$93:$X$100,MATCH(10,$N$93:$N$100,0),MATCH(O45,$O$92:$X$92,0))*0.76,P45)} -> #N/A | R45: 3 | S45: 6 | T45: ='Программа тренировок '!F171 | U45: {=MROUND(Q45/INDEX($O$93:$X$100,MATCH(T45,$N$93:$N$100,0),MATCH(S45,$O$92:$X$92,0))*0.72,P45)} -> #N/A | V45: 1 | W45: до отказа | X45: {=MROUND(Q45/INDEX($O$93:$X$100,MATCH(T45,$N$93:$N$100,0),MATCH(S45,$O$92:$X$92,0))*0.79,P45)} -> #N/A | Y45: 3 | Z45: 6 | AA45: ='Программа тренировок '!M171 | AB45: {=MROUND(X45/INDEX($O$93:$X$100,MATCH(AA45,$N$93:$N$100,0),MATCH(Z45,$O$92:$X$92,0))*0.76,P45)} -> #N/A | AC45: 1 | AD45: до отказа | AE45: {=MROUND(X45/INDEX($O$93:$X$100,MATCH(AA45,$N$93:$N$100,0),MATCH(Z45,$O$92:$X$92,0))*0.81,P45)} -> #N/A | AF45: 3 | AG45: 6 | AH45: ='Программа тренировок '!T171 | AI45: {=MROUND(AE45/INDEX($O$93:$X$100,MATCH(AH45,$N$93:$N$100,0),MATCH(AG45,$O$92:$X$92,0))*0.79,P45)} -> #N/A | AJ45: 1 | AK45: до отказа | AL45: {=MROUND(AE45/INDEX($O$93:$X$100,MATCH(AH45,$N$93:$N$100,0),MATCH(AG45,$O$92:$X$92,0))*0.79,P45)} -> #N/A | AM45: 3 | AN45: 5 | AO45: ='Программа тренировок '!F198 | AP45: {=MROUND(AL45/INDEX($O$93:$X$100,MATCH(AO45,$N$93:$N$100,0),MATCH(AN45,$O$92:$X$92,0))*0.76,P45)} -> #N/A | AQ45: 1 | AR45: до отказа | AS45: {=MROUND(AL45/INDEX($O$93:$X$100,MATCH(AO45,$N$93:$N$100,0),MATCH(AN45,$O$92:$X$92,0))*0.82,P45)} -> #N/A | AT45: 3 | AU45: 5 | AV45: ='Программа тренировок '!M198 | AW45: {=MROUND(AS45/INDEX($O$93:$X$100,MATCH(AV45,$N$93:$N$100,0),MATCH(AU45,$O$92:$X$92,0))*0.79,P45)} -> #N/A | AX45: 1 | AY45: до отказа | AZ45: {=MROUND(AS45/INDEX($O$93:$X$100,MATCH(AV45,$N$93:$N$100,0),MATCH(AU45,$O$92:$X$92,0))*0.84,P45)} -> #N/A | BA45: 3 | BB45: 5 | BC45: ='Программа тренировок '!T198 | BD45: {=MROUND(AZ45/INDEX($O$93:$X$100,MATCH(BC45,$N$93:$N$100,0),MATCH(BB45,$O$92:$X$92,0))*0.81,P45)} -> #N/A | BE45: 1 | BF45: до отказа | BG45: {=MROUND(AZ45/INDEX($O$93:$X$100,MATCH(BC45,$N$93:$N$100,0),MATCH(BB45,$O$92:$X$92,0))*0.81,P45)} -> #N/A | BH45: 3 | BI45: 4 | BJ45: ='Программа тренировок '!F225 | BK45: {=MROUND(BG45/INDEX($O$93:$X$100,MATCH(BJ45,$N$93:$N$100,0),MATCH(BI45,$O$92:$X$92,0))*0.78,P45)} -> #N/A | BL45: 1 | BM45: до отказа | BN45: {=MROUND(BG45/INDEX($O$93:$X$100,MATCH(BJ45,$N$93:$N$100,0),MATCH(BI45,$O$92:$X$92,0))*0.83,P45)} -> #N/A | BO45: 3 | BP45: 4 | BQ45: ='Программа тренировок '!M225 | BR45: {=MROUND(BN45/INDEX($O$93:$X$100,MATCH(BQ45,$N$93:$N$100,0),MATCH(BP45,$O$92:$X$92,0))*0.8,P45)} -> #N/A | BS45: 1 | BT45: до отказа | BU45: {=MROUND(BN45/INDEX($O$93:$X$100,MATCH(BQ45,$N$93:$N$100,0),MATCH(BP45,$O$92:$X$92,0))*0.85,P45)} -> #N/A | BV45: 3 | BW45: 4 | BX45: ='Программа тренировок '!T225 | BY45: {=MROUND(BU45/INDEX($O$93:$X$100,MATCH(BX45,$N$93:$N$100,0),MATCH(BW45,$O$92:$X$92,0))*0.81,P45)} -> #N/A | BZ45: 1 | CA45: до отказа
L48: Тяга штанги в наклоне | N48: ='Программа тренировок '!C129 | O48: ='Программа тренировок '!D129 | P48: ='Формулы'!I29 -> 2.5 | Q48: {=MROUND(N48/INDEX($O$93:$X$100,MATCH(10,$N$93:$N$100,0),MATCH(O48,$O$92:$X$92,0))*0.8,P48)} -> #N/A | R48: 3 | S48: 5 | T48: ='Программа тренировок '!F172 | U48: {=MROUND(Q48/INDEX($O$93:$X$100,MATCH(T48,$N$93:$N$100,0),MATCH(S48,$O$92:$X$92,0))*0.75,P48)} -> #N/A | V48: 3 | W48: 6 | X48: {=MROUND(Q48/INDEX($O$93:$X$100,MATCH(T48,$N$93:$N$100,0),MATCH(S48,$O$92:$X$92,0))*0.82,P48)} -> #N/A | Y48: 3 | Z48: 5 | AA48: ='Программа тренировок '!M172 | AB48: {=MROUND(X48/INDEX($O$93:$X$100,MATCH(AA48,$N$93:$N$100,0),MATCH(Z48,$O$92:$X$92,0))*0.77,P48)} -> #N/A | AC48: 3 | AD48: 6 | AE48: {=MROUND(X48/INDEX($O$93:$X$100,MATCH(AA48,$N$93:$N$100,0),MATCH(Z48,$O$92:$X$92,0))*0.85,P48)} -> #N/A | AF48: 3 | AG48: 5 | AH48: ='Программа тренировок '!T172 | AI48: =MROUND(AE48/INDEX($O$93:$X$100,MATCH(AH48,$N$93:$N$100,0),MATCH(AG48,$O$92:$X$92,0))*0.79,P48) -> #N/A | AJ48: 3 | AK48: 6 | AL48: {=MROUND(AE48/INDEX($O$93:$X$100,MATCH(AH48,$N$93:$N$100,0),MATCH(AG48,$O$92:$X$92,0))*0.82,P48)} -> #N/A | AM48: 3 | AN48: 4 | AO48: ='Программа тренировок '!F199 | AP48: {=MROUND(AL48/INDEX($O$93:$X$100,MATCH(AO48,$N$93:$N$100,0),MATCH(AN48,$O$92:$X$92,0))*0.79,P48)} -> #N/A | AQ48: 3 | AR48: 5 | AS48: {=MROUND(AL48/INDEX($O$93:$X$100,MATCH(AO48,$N$93:$N$100,0),MATCH(AN48,$O$92:$X$92,0))*0.85,P48)} -> #N/A | AT48: 3 | AU48: 4 | AV48: ='Программа тренировок '!M199 | AW48: {=MROUND(AS48/INDEX($O$93:$X$100,MATCH(AV48,$N$93:$N$100,0),MATCH(AU48,$O$92:$X$92,0))*0.8,P48)} -> #N/A | AX48: 3 | AY48: 5 | AZ48: {=MROUND(AS48/INDEX($O$93:$X$100,MATCH(AV48,$N$93:$N$100,0),MATCH(AU48,$O$92:$X$92,0))*0.88,P48)} -> #N/A | BA48: 3 | BB48: 4 | BC48: ='Программа тренировок '!T199 | BD48: =MROUND(AZ48/INDEX($O$93:$X$100,MATCH(BC48,$N$93:$N$100,0),MATCH(BB48,$O$92:$X$92,0))*0.81,P48) -> #N/A | BE48: 3 | BF48: 5 | BG48: {=MROUND(AZ48/INDEX($O$93:$X$100,MATCH(BC48,$N$93:$N$100,0),MATCH(BB48,$O$92:$X$92,0))*0.83,P48)} -> #N/A | BH48: 3 | BI48: 3 | BJ48: ='Программа тренировок '!F226 | BK48: {=MROUND(BG48/INDEX($O$93:$X$100,MATCH(BJ48,$N$93:$N$100,0),MATCH(BI48,$O$92:$X$92,0))*0.81,P48)} -> #N/A | BL48: 3 | BM48: 4 | BN48: {=MROUND(BG48/INDEX($O$93:$X$100,MATCH(BJ48,$N$93:$N$100,0),MATCH(BI48,$O$92:$X$92,0))*0.86,P48)} -> #N/A | BO48: 3 | BP48: 3 | BQ48: ='Программа тренировок '!M226 | BR48: {=MROUND(BN48/INDEX($O$93:$X$100,MATCH(BQ48,$N$93:$N$100,0),MATCH(BP48,$O$92:$X$92,0))*0.82,P48)} -> #N/A | BS48: 3 | BT48: 4 | BU48: {=MROUND(BN48/INDEX($O$93:$X$100,MATCH(BQ48,$N$93:$N$100,0),MATCH(BP48,$O$92:$X$92,0))*0.91,P48)} -> #N/A | BV48: 3 | BW48: 3 | BX48: ='Программа тренировок '!T226 | BY48: {=MROUND(BU48/INDEX($O$93:$X$100,MATCH(BX48,$N$93:$N$100,0),MATCH(BW48,$O$92:$X$92,0))*0.84,P48)} -> #N/A | BZ48: 3 | CA48: 4
L49: Тяга гантели в наклоне | N49: ='Программа тренировок '!C129 | O49: ='Программа тренировок '!D129 | P49: ='Формулы'!I29 -> 2.5 | Q49: =MROUND(N49/INDEX($O$93:$X$100,MATCH(10,$N$93:$N$100,0),MATCH(O49,$O$92:$X$92,0))*0.76,P49) -> #N/A | R49: 3 | S49: 6 | T49: ='Программа тренировок '!F172 | U49: =MROUND(Q49/INDEX($O$93:$X$100,MATCH(T49,$N$93:$N$100,0),MATCH(S49,$O$92:$X$92,0))*0.72,P49) -> #N/A | V49: 1 | W49: до отказа | X49: =MROUND(Q49/INDEX($O$93:$X$100,MATCH(T49,$N$93:$N$100,0),MATCH(S49,$O$92:$X$92,0))*0.79,P49) -> #N/A | Y49: 3 | Z49: 6 | AA49: ='Программа тренировок '!M172 | AB49: =MROUND(X49/INDEX($O$93:$X$100,MATCH(AA49,$N$93:$N$100,0),MATCH(Z49,$O$92:$X$92,0))*0.76,P49) -> #N/A | AC49: 1 | AD49: до отказа | AE49: =MROUND(X49/INDEX($O$93:$X$100,MATCH(AA49,$N$93:$N$100,0),MATCH(Z49,$O$92:$X$92,0))*0.81,P49) -> #N/A | AF49: 3 | AG49: 6 | AH49: ='Программа тренировок '!T172 | AI49: =MROUND(AE49/INDEX($O$93:$X$100,MATCH(AH49,$N$93:$N$100,0),MATCH(AG49,$O$92:$X$92,0))*0.79,P49) -> #N/A | AJ49: 1 | AK49: до отказа | AL49: =MROUND(AE49/INDEX($O$93:$X$100,MATCH(AH49,$N$93:$N$100,0),MATCH(AG49,$O$92:$X$92,0))*0.79,P49) -> #N/A | AM49: 3 | AN49: 5 | AO49: ='Программа тренировок '!F199 | AP49: =MROUND(AL49/INDEX($O$93:$X$100,MATCH(AO49,$N$93:$N$100,0),MATCH(AN49,$O$92:$X$92,0))*0.76,P49) -> #N/A | AQ49: 1 | AR49: до отказа | AS49: =MROUND(AL49/INDEX($O$93:$X$100,MATCH(AO49,$N$93:$N$100,0),MATCH(AN49,$O$92:$X$92,0))*0.82,P49) -> #N/A | AT49: 3 | AU49: 5 | AV49: ='Программа тренировок '!M199 | AW49: =MROUND(AS49/INDEX($O$93:$X$100,MATCH(AV49,$N$93:$N$100,0),MATCH(AU49,$O$92:$X$92,0))*0.79,P49) -> #N/A | AX49: 1 | AY49: до отказа | AZ49: =MROUND(AS49/INDEX($O$93:$X$100,MATCH(AV49,$N$93:$N$100,0),MATCH(AU49,$O$92:$X$92,0))*0.84,P49) -> #N/A | BA49: 3 | BB49: 5 | BC49: ='Программа тренировок '!T199 | BD49: =MROUND(AZ49/INDEX($O$93:$X$100,MATCH(BC49,$N$93:$N$100,0),MATCH(BB49,$O$92:$X$92,0))*0.81,P49) -> #N/A | BE49: 1 | BF49: до отказа | BG49: =MROUND(AZ49/INDEX($O$93:$X$100,MATCH(BC49,$N$93:$N$100,0),MATCH(BB49,$O$92:$X$92,0))*0.81,P49) -> #N/A | BH49: 3 | BI49: 4 | BJ49: ='Программа тренировок '!F226 | BK49: =MROUND(BG49/INDEX($O$93:$X$100,MATCH(BJ49,$N$93:$N$100,0),MATCH(BI49,$O$92:$X$92,0))*0.78,P49) -> #N/A | BL49: 1 | BM49: до отказа | BN49: =MROUND(BG49/INDEX($O$93:$X$100,MATCH(BJ49,$N$93:$N$100,0),MATCH(BI49,$O$92:$X$92,0))*0.83,P49) -> #N/A | BO49: 3 | BP49: 4 | BQ49: ='Программа тренировок '!M226 | BR49: =MROUND(BN49/INDEX($O$93:$X$100,MATCH(BQ49,$N$93:$N$100,0),MATCH(BP49,$O$92:$X$92,0))*0.8,P49) -> #N/A | BS49: 1 | BT49: до отказа | BU49: =MROUND(BN49/INDEX($O$93:$X$100,MATCH(BQ49,$N$93:$N$100,0),MATCH(BP49,$O$92:$X$92,0))*0.85,P49) -> #N/A | BV49: 3 | BW49: 4 | BX49: ='Программа тренировок '!T226 | BY49: =MROUND(BU49/INDEX($O$93:$X$100,MATCH(BX49,$N$93:$N$100,0),MATCH(BW49,$O$92:$X$92,0))*0.81,P49) -> #N/A | BZ49: 1 | CA49: до отказа
L50: Тяга в хаммере | N50: ='Программа тренировок '!C129 | O50: ='Программа тренировок '!D129 | P50: ='Формулы'!I29 -> 2.5 | Q50: =MROUND(N50/INDEX($O$93:$X$100,MATCH(10,$N$93:$N$100,0),MATCH(O50,$O$92:$X$92,0))*0.76,P50) -> #N/A | R50: 3 | S50: 6 | T50: ='Программа тренировок '!F172 | U50: =MROUND(Q50/INDEX($O$93:$X$100,MATCH(T50,$N$93:$N$100,0),MATCH(S50,$O$92:$X$92,0))*0.72,P50) -> #N/A | V50: 1 | W50: до отказа | X50: =MROUND(Q50/INDEX($O$93:$X$100,MATCH(T50,$N$93:$N$100,0),MATCH(S50,$O$92:$X$92,0))*0.79,P50) -> #N/A | Y50: 3 | Z50: 6 | AA50: ='Программа тренировок '!M172 | AB50: =MROUND(X50/INDEX($O$93:$X$100,MATCH(AA50,$N$93:$N$100,0),MATCH(Z50,$O$92:$X$92,0))*0.76,P50) -> #N/A | AC50: 1 | AD50: до отказа | AE50: =MROUND(X50/INDEX($O$93:$X$100,MATCH(AA50,$N$93:$N$100,0),MATCH(Z50,$O$92:$X$92,0))*0.81,P50) -> #N/A | AF50: 3 | AG50: 6 | AH50: ='Программа тренировок '!T172 | AI50: =MROUND(AE50/INDEX($O$93:$X$100,MATCH(AH50,$N$93:$N$100,0),MATCH(AG50,$O$92:$X$92,0))*0.79,P50) -> #N/A | AJ50: 1 | AK50: до отказа | AL50: =MROUND(AE50/INDEX($O$93:$X$100,MATCH(AH50,$N$93:$N$100,0),MATCH(AG50,$O$92:$X$92,0))*0.79,P50) -> #N/A | AM50: 3 | AN50: 5 | AO50: ='Программа тренировок '!F199 | AP50: =MROUND(AL50/INDEX($O$93:$X$100,MATCH(AO50,$N$93:$N$100,0),MATCH(AN50,$O$92:$X$92,0))*0.76,P50) -> #N/A | AQ50: 1 | AR50: до отказа | AS50: =MROUND(AL50/INDEX($O$93:$X$100,MATCH(AO50,$N$93:$N$100,0),MATCH(AN50,$O$92:$X$92,0))*0.82,P50) -> #N/A | AT50: 3 | AU50: 5 | AV50: ='Программа тренировок '!M199 | AW50: =MROUND(AS50/INDEX($O$93:$X$100,MATCH(AV50,$N$93:$N$100,0),MATCH(AU50,$O$92:$X$92,0))*0.79,P50) -> #N/A | AX50: 1 | AY50: до отказа | AZ50: =MROUND(AS50/INDEX($O$93:$X$100,MATCH(AV50,$N$93:$N$100,0),MATCH(AU50,$O$92:$X$92,0))*0.84,P50) -> #N/A | BA50: 3 | BB50: 5 | BC50: ='Программа тренировок '!T199 | BD50: =MROUND(AZ50/INDEX($O$93:$X$100,MATCH(BC50,$N$93:$N$100,0),MATCH(BB50,$O$92:$X$92,0))*0.81,P50) -> #N/A | BE50: 1 | BF50: до отказа | BG50: =MROUND(AZ50/INDEX($O$93:$X$100,MATCH(BC50,$N$93:$N$100,0),MATCH(BB50,$O$92:$X$92,0))*0.81,P50) -> #N/A | BH50: 3 | BI50: 4 | BJ50: ='Программа тренировок '!F226 | BK50: =MROUND(BG50/INDEX($O$93:$X$100,MATCH(BJ50,$N$93:$N$100,0),MATCH(BI50,$O$92:$X$92,0))*0.78,P50) -> #N/A | BL50: 1 | BM50: до отказа | BN50: =MROUND(BG50/INDEX($O$93:$X$100,MATCH(BJ50,$N$93:$N$100,0),MATCH(BI50,$O$92:$X$92,0))*0.83,P50) -> #N/A | BO50: 3 | BP50: 4 | BQ50: ='Программа тренировок '!M226 | BR50: =MROUND(BN50/INDEX($O$93:$X$100,MATCH(BQ50,$N$93:$N$100,0),MATCH(BP50,$O$92:$X$92,0))*0.8,P50) -> #N/A | BS50: 1 | BT50: до отказа | BU50: =MROUND(BN50/INDEX($O$93:$X$100,MATCH(BQ50,$N$93:$N$100,0),MATCH(BP50,$O$92:$X$92,0))*0.85,P50) -> #N/A | BV50: 3 | BW50: 4 | BX50: ='Программа тренировок '!T226 | BY50: =MROUND(BU50/INDEX($O$93:$X$100,MATCH(BX50,$N$93:$N$100,0),MATCH(BW50,$O$92:$X$92,0))*0.81,P50) -> #N/A | BZ50: 1 | CA50: до отказа
L54: Приседания со штангой | N54: ='Программа тренировок '!C113 | O54: ='Программа тренировок '!D113 | P54: ='Формулы'!I13 -> 5 | Q54: {=MROUND(N54/INDEX($O$93:$X$100,MATCH(10,$N$93:$N$100,0),MATCH(O54,$O$92:$X$92,0))*0.83,P54)} -> #N/A | R54: 1 | S54: 3 | T54: ='Программа тренировок '!F156 | U54: =MROUND(Q54/INDEX($O$93:$X$100,MATCH(T54,$N$93:$N$100,0),MATCH(S54,$O$92:$X$92,0))*0.75,P54) -> #N/A | V54: 3 | W54: 6 | X54: {=MROUND(Q54/INDEX($O$93:$X$100,MATCH(T54,$N$93:$N$100,0),MATCH(S54,$O$92:$X$92,0))*0.86,P54)} -> #N/A | Y54: 1 | Z54: 3 | AA54: ='Программа тренировок '!M156 | AB54: {=MROUND(X54/INDEX($O$93:$X$100,MATCH(AA54,$N$93:$N$100,0),MATCH(Z54,$O$92:$X$92,0))*0.8,P54)} -> #N/A | AC54: 3 | AD54: 5 | AE54: {=MROUND(X54/INDEX($O$93:$X$100,MATCH(AA54,$N$93:$N$100,0),MATCH(Z54,$O$92:$X$92,0))*0.9,P54)} -> #N/A | AF54: 1 | AG54: 3 | AH54: ='Программа тренировок '!T156 | AI54: {=MROUND(AE54/INDEX($O$93:$X$100,MATCH(AH54,$N$93:$N$100,0),MATCH(AG54,$O$92:$X$92,0))*0.85,P54)} -> #N/A | AJ54: 3 | AK54: 4 | AL54: {=MROUND(AE54/INDEX($O$93:$X$100,MATCH(AH54,$N$93:$N$100,0),MATCH(AG54,$O$92:$X$92,0))*0.86,P54)} -> #N/A | AM54: 1 | AN54: 2 | AO54: ='Программа тренировок '!F183 | AP54: =MROUND(AL54/INDEX($O$93:$X$100,MATCH(AO54,$N$93:$N$100,0),MATCH(AN54,$O$92:$X$92,0))*0.79,P54) -> #N/A | AQ54: 3 | AR54: 5 | AS54: {=MROUND(AL54/INDEX($O$93:$X$100,MATCH(AO54,$N$93:$N$100,0),MATCH(AN54,$O$92:$X$92,0))*0.89,P54)} -> #N/A | AT54: 1 | AU54: 2 | AV54: ='Программа тренировок '!M183 | AW54: {=MROUND(AS54/INDEX($O$93:$X$100,MATCH(AV54,$N$93:$N$100,0),MATCH(AU54,$O$92:$X$92,0))*0.82,P54)} -> #N/A | AX54: 3 | AY54: 4 | AZ54: {=MROUND(AS54/INDEX($O$93:$X$100,MATCH(AV54,$N$93:$N$100,0),MATCH(AU54,$O$92:$X$92,0))*0.92,P54)} -> #N/A | BA54: 1 | BB54: 2 | BC54: ='Программа тренировок '!T183 | BD54: {=MROUND(AZ54/INDEX($O$93:$X$100,MATCH(BC54,$N$93:$N$100,0),MATCH(BB54,$O$92:$X$92,0))*0.86,P54)} -> #N/A | BE54: 3 | BF54: 3 | BG54: {=MROUND(AZ54/INDEX($O$93:$X$100,MATCH(BC54,$N$93:$N$100,0),MATCH(BB54,$O$92:$X$92,0))*0.91,P54)} -> #N/A | BH54: 1 | BI54: 1 | BJ54: ='Программа тренировок '!F210 | BK54: =MROUND(BG54/INDEX($O$93:$X$100,MATCH(BJ54,$N$93:$N$100,0),MATCH(BI54,$O$92:$X$92,0))*0.81,P54) -> #N/A | BL54: 3 | BM54: 4 | BN54: {=MROUND(BG54/INDEX($O$93:$X$100,MATCH(BJ54,$N$93:$N$100,0),MATCH(BI54,$O$92:$X$92,0))*0.94,P54)} -> #N/A | BO54: 1 | BP54: 1 | BQ54: ='Программа тренировок '!M210 | BR54: {=MROUND(BN54/INDEX($O$93:$X$100,MATCH(BQ54,$N$93:$N$100,0),MATCH(BP54,$O$92:$X$92,0))*0.84,P54)} -> #N/A | BS54: 3 | BT54: 3 | BU54: {=MROUND(BN54/INDEX($O$93:$X$100,MATCH(BQ54,$N$93:$N$100,0),MATCH(BP54,$O$92:$X$92,0))*0.97,P54)} -> #N/A | BV54: 1 | BW54: 1 | BX54: ='Программа тренировок '!T210 | BY54: {=MROUND(BU54/INDEX($O$93:$X$100,MATCH(BX54,$N$93:$N$100,0),MATCH(BW54,$O$92:$X$92,0))*0.89,P54)} -> #N/A | BZ54: 3 | CA54: 2
L55: Жим платформы ногами | N55: ='Программа тренировок '!C113 | O55: ='Программа тренировок '!D113 | P55: ='Формулы'!I13 -> 5 | Q55: =MROUND(N55/INDEX($O$93:$X$100,MATCH(10,$N$93:$N$100,0),MATCH(O55,$O$92:$X$92,0))*0.8,P55) -> #N/A | R55: 3 | S55: 5 | T55: ='Программа тренировок '!F156 | U55: =MROUND(Q55/INDEX($O$93:$X$100,MATCH(T55,$N$93:$N$100,0),MATCH(S55,$O$92:$X$92,0))*0.75,P55) -> #N/A | V55: 3 | W55: 8 | X55: =MROUND(Q55/INDEX($O$93:$X$100,MATCH(T55,$N$93:$N$100,0),MATCH(S55,$O$92:$X$92,0))*0.82,P55) -> #N/A | Y55: 3 | Z55: 5 | AA55: ='Программа тренировок '!M156 | AB55: =MROUND(X55/INDEX($O$93:$X$100,MATCH(AA55,$N$93:$N$100,0),MATCH(Z55,$O$92:$X$92,0))*0.77,P55) -> #N/A | AC55: 3 | AD55: 7 | AE55: =MROUND(X55/INDEX($O$93:$X$100,MATCH(AA55,$N$93:$N$100,0),MATCH(Z55,$O$92:$X$92,0))*0.85,P55) -> #N/A | AF55: 3 | AG55: 5 | AH55: ='Программа тренировок '!T156 | AI55: =MROUND(AE55/INDEX($O$93:$X$100,MATCH(AH55,$N$93:$N$100,0),MATCH(AG55,$O$92:$X$92,0))*0.79,P55) -> #N/A | AJ55: 3 | AK55: 6 | AL55: =MROUND(AE55/INDEX($O$93:$X$100,MATCH(AH55,$N$93:$N$100,0),MATCH(AG55,$O$92:$X$92,0))*0.82,P55) -> #N/A | AM55: 3 | AN55: 4 | AO55: ='Программа тренировок '!F183 | AP55: =MROUND(AL55/INDEX($O$93:$X$100,MATCH(AO55,$N$93:$N$100,0),MATCH(AN55,$O$92:$X$92,0))*0.79,P55) -> #N/A | AQ55: 3 | AR55: 7 | AS55: =MROUND(AL55/INDEX($O$93:$X$100,MATCH(AO55,$N$93:$N$100,0),MATCH(AN55,$O$92:$X$92,0))*0.85,P55) -> #N/A | AT55: 3 | AU55: 4 | AV55: ='Программа тренировок '!M183 | AW55: =MROUND(AS55/INDEX($O$93:$X$100,MATCH(AV55,$N$93:$N$100,0),MATCH(AU55,$O$92:$X$92,0))*0.8,P55) -> #N/A | AX55: 3 | AY55: 6 | AZ55: =MROUND(AS55/INDEX($O$93:$X$100,MATCH(AV55,$N$93:$N$100,0),MATCH(AU55,$O$92:$X$92,0))*0.88,P55) -> #N/A | BA55: 3 | BB55: 4 | BC55: ='Программа тренировок '!T183 | BD55: =MROUND(AZ55/INDEX($O$93:$X$100,MATCH(BC55,$N$93:$N$100,0),MATCH(BB55,$O$92:$X$92,0))*0.81,P55) -> #N/A | BE55: 3 | BF55: 5 | BG55: =MROUND(AZ55/INDEX($O$93:$X$100,MATCH(BC55,$N$93:$N$100,0),MATCH(BB55,$O$92:$X$92,0))*0.83,P55) -> #N/A | BH55: 3 | BI55: 3 | BJ55: ='Программа тренировок '!F210 | BK55: =MROUND(BG55/INDEX($O$93:$X$100,MATCH(BJ55,$N$93:$N$100,0),MATCH(BI55,$O$92:$X$92,0))*0.81,P55) -> #N/A | BL55: 3 | BM55: 6 | BN55: =MROUND(BG55/INDEX($O$93:$X$100,MATCH(BJ55,$N$93:$N$100,0),MATCH(BI55,$O$92:$X$92,0))*0.86,P55) -> #N/A | BO55: 3 | BP55: 3 | BQ55: ='Программа тренировок '!M210 | BR55: =MROUND(BN55/INDEX($O$93:$X$100,MATCH(BQ55,$N$93:$N$100,0),MATCH(BP55,$O$92:$X$92,0))*0.82,P55) -> #N/A | BS55: 3 | BT55: 5 | BU55: =MROUND(BN55/INDEX($O$93:$X$100,MATCH(BQ55,$N$93:$N$100,0),MATCH(BP55,$O$92:$X$92,0))*0.91,P55) -> #N/A | BV55: 3 | BW55: 3 | BX55: ='Программа тренировок '!T210 | BY55: =MROUND(BU55/INDEX($O$93:$X$100,MATCH(BX55,$N$93:$N$100,0),MATCH(BW55,$O$92:$X$92,0))*0.84,P55) -> #N/A | BZ55: 3 | CA55: 4
L56: Фронтальные приседания | N56: ='Программа тренировок '!C113 | O56: ='Программа тренировок '!D113 | P56: ='Формулы'!I13 -> 5 | Q56: =MROUND(N56/INDEX($O$93:$X$100,MATCH(10,$N$93:$N$100,0),MATCH(O56,$O$92:$X$92,0))*0.8,P56) -> #N/A | R56: 1 | S56: 5 | T56: ='Программа тренировок '!F156 | U56: =MROUND(Q56/INDEX($O$93:$X$100,MATCH(T56,$N$93:$N$100,0),MATCH(S56,$O$92:$X$92,0))*0.75,P56) -> #N/A | V56: 3 | W56: 6 | X56: =MROUND(Q56/INDEX($O$93:$X$100,MATCH(T56,$N$93:$N$100,0),MATCH(S56,$O$92:$X$92,0))*0.82,P56) -> #N/A | Y56: 1 | Z56: 5 | AA56: ='Программа тренировок '!M156 | AB56: =MROUND(X56/INDEX($O$93:$X$100,MATCH(AA56,$N$93:$N$100,0),MATCH(Z56,$O$92:$X$92,0))*0.77,P56) -> #N/A | AC56: 3 | AD56: 6 | AE56: =MROUND(X56/INDEX($O$93:$X$100,MATCH(AA56,$N$93:$N$100,0),MATCH(Z56,$O$92:$X$92,0))*0.85,P56) -> #N/A | AF56: 1 | AG56: 5 | AH56: ='Программа тренировок '!T156 | AI56: =MROUND(AE56/INDEX($O$93:$X$100,MATCH(AH56,$N$93:$N$100,0),MATCH(AG56,$O$92:$X$92,0))*0.79,P56) -> #N/A | AJ56: 3 | AK56: 6 | AL56: =MROUND(AE56/INDEX($O$93:$X$100,MATCH(AH56,$N$93:$N$100,0),MATCH(AG56,$O$92:$X$92,0))*0.82,P56) -> #N/A | AM56: 1 | AN56: 4 | AO56: ='Программа тренировок '!F183 | AP56: =MROUND(AL56/INDEX($O$93:$X$100,MATCH(AO56,$N$93:$N$100,0),MATCH(AN56,$O$92:$X$92,0))*0.79,P56) -> #N/A | AQ56: 3 | AR56: 5 | AS56: =MROUND(AL56/INDEX($O$93:$X$100,MATCH(AO56,$N$93:$N$100,0),MATCH(AN56,$O$92:$X$92,0))*0.85,P56) -> #N/A | AT56: 1 | AU56: 4 | AV56: ='Программа тренировок '!M183 | AW56: =MROUND(AS56/INDEX($O$93:$X$100,MATCH(AV56,$N$93:$N$100,0),MATCH(AU56,$O$92:$X$92,0))*0.8,P56) -> #N/A | AX56: 3 | AY56: 5 | AZ56: =MROUND(AS56/INDEX($O$93:$X$100,MATCH(AV56,$N$93:$N$100,0),MATCH(AU56,$O$92:$X$92,0))*0.88,P56) -> #N/A | BA56: 1 | BB56: 4 | BC56: ='Программа тренировок '!T183 | BD56: =MROUND(AZ56/INDEX($O$93:$X$100,MATCH(BC56,$N$93:$N$100,0),MATCH(BB56,$O$92:$X$92,0))*0.81,P56) -> #N/A | BE56: 3 | BF56: 5 | BG56: =MROUND(AZ56/INDEX($O$93:$X$100,MATCH(BC56,$N$93:$N$100,0),MATCH(BB56,$O$92:$X$92,0))*0.83,P56) -> #N/A | BH56: 1 | BI56: 3 | BJ56: ='Программа тренировок '!F210 | BK56: =MROUND(BG56/INDEX($O$93:$X$100,MATCH(BJ56,$N$93:$N$100,0),MATCH(BI56,$O$92:$X$92,0))*0.81,P56) -> #N/A | BL56: 3 | BM56: 4 | BN56: =MROUND(BG56/INDEX($O$93:$X$100,MATCH(BJ56,$N$93:$N$100,0),MATCH(BI56,$O$92:$X$92,0))*0.86,P56) -> #N/A | BO56: 1 | BP56: 3 | BQ56: ='Программа тренировок '!M210 | BR56: =MROUND(BN56/INDEX($O$93:$X$100,MATCH(BQ56,$N$93:$N$100,0),MATCH(BP56,$O$92:$X$92,0))*0.82,P56) -> #N/A | BS56: 3 | BT56: 4 | BU56: =MROUND(BN56/INDEX($O$93:$X$100,MATCH(BQ56,$N$93:$N$100,0),MATCH(BP56,$O$92:$X$92,0))*0.91,P56) -> #N/A | BV56: 1 | BW56: 3 | BX56: ='Программа тренировок '!T210 | BY56: =MROUND(BU56/INDEX($O$93:$X$100,MATCH(BX56,$N$93:$N$100,0),MATCH(BW56,$O$92:$X$92,0))*0.84,P56) -> #N/A | BZ56: 3 | CA56: 4
L59: Подтягивания (собственный вес) | N59: =IF('Программа тренировок '!B155='Программа тренировок '!B173, 'Формулы'!N14, 'Программа тренировок '!C130) | O59: =IF('Программа тренировок '!B112='Программа тренировок '!B130, O14, 'Программа тренировок '!D130) | P59: =IF('Программа тренировок '!B117='Программа тренировок '!B135, P14, 'Формулы'!I30) -> 2.5 | Q59: собств. | R59: 1 | S59: =O59-2 -> -2 | T59: ='Программа тренировок '!F173 | U59: собств. | V59: 4 | W59: =FLOOR((10-T59+S59)-3,1) -> 5 | X59: собств. | Y59: 1 | Z59: =FLOOR((10-T59+S59)-1,1) -> 7 | AA59: ='Программа тренировок '!M173 | AB59: собств. | AC59: 4 | AD59: =FLOOR((10-AA59+Z59)-2,1) -> 15 | AE59: собств. | AF59: 1 | AG59: =FLOOR((10-AA59+Z59),1) -> 17 | AH59: ='Программа тренировок '!T173 | AI59: собств. | AJ59: 3 | AK59: =FLOOR((10-AH59+AG59)-2,1) -> 25 | AL59: собств. | AM59: 1 | AN59: =FLOOR((10-AH59+AG59)-2,1) -> 25 | AO59: ='Программа тренировок '!F200 | AP59: собств. | AQ59: 4 | AR59: =FLOOR((10-AO59+AN59)-3,1) -> 32 | AS59: собств. | AT59: 1 | AU59: =FLOOR((10-AO59+AN59)-1,1) -> 34 | AV59: ='Программа тренировок '!M200 | AW59: собств. | AX59: 4 | AY59: =FLOOR((10-AV59+AU59)-2,1) -> 42 | AZ59: собств. | BA59: 1 | BB59: =FLOOR((10-AV59+AU59),1) -> 44 | BC59: ='Программа тренировок '!T200 | BD59: собств. | BE59: 3 | BF59: =FLOOR((10-BC59+BB59)-2,1) -> 52 | BG59: собств. | BH59: 1 | BI59: =FLOOR((10-BC59+BB59)-2,1) -> 52 | BJ59: ='Программа тренировок '!F227 | BK59: собств. | BL59: 4 | BM59: =FLOOR((10-BJ59+BI59)-3,1) -> 59 | BN59: собств. | BO59: 1 | BP59: =FLOOR((10-BJ59+BI59)-1,1) -> 61 | BQ59: ='Программа тренировок '!M227 | BR59: собств. | BS59: 3 | BT59: =FLOOR((10-BQ59+BP59)-2,1) -> 69 | BU59: собств. | BV59: 1 | BW59: =FLOOR((10-BQ59+BP59),1) -> 71 | BX59: ='Программа тренировок '!T227 | BY59: собств. | BZ59: 3 | CA59: =FLOOR((10-BQ59+BP59)-2,1) -> 69
L60: Пуловер | N60: ='Программа тренировок '!C130 | O60: ='Программа тренировок '!D130 | P60: ='Формулы'!I30 -> 3 | Q60: =MROUND(N60/INDEX($O$93:$X$100,MATCH(10,$N$93:$N$100,0),MATCH(O60,$O$92:$X$92,0))*0.65,P60) -> #N/A | R60: 3 | S60: 10 | T60: ='Программа тренировок '!F173 | U60: =MROUND(Q60/INDEX($O$93:$X$100,MATCH(T60,$N$93:$N$100,0),MATCH(S60,$O$92:$X$92,0))*0.62,P60) -> #N/A | V60: 1 | W60: до отказа | X60: =MROUND(Q60/INDEX($O$93:$X$100,MATCH(T60,$N$93:$N$100,0),MATCH(S60,$O$92:$X$92,0))*0.67,P60) -> #N/A | Y60: 3 | Z60: 10 | AA60: ='Программа тренировок '!M173 | AB60: =MROUND(X60/INDEX($O$93:$X$100,MATCH(AA60,$N$93:$N$100,0),MATCH(Z60,$O$92:$X$92,0))*0.64,P60) -> #N/A | AC60: 1 | AD60: до отказа | AE60: =MROUND(X60/INDEX($O$93:$X$100,MATCH(AA60,$N$93:$N$100,0),MATCH(Z60,$O$92:$X$92,0))*0.69,P60) -> #N/A | AF60: 3 | AG60: 10 | AH60: ='Программа тренировок '!T173 | AI60: =MROUND(AE60/INDEX($O$93:$X$100,MATCH(AH60,$N$93:$N$100,0),MATCH(AG60,$O$92:$X$92,0))*0.67,P60) -> #N/A | AJ60: 1 | AK60: до отказа | AL60: =MROUND(AE60/INDEX($O$93:$X$100,MATCH(AH60,$N$93:$N$100,0),MATCH(AG60,$O$92:$X$92,0))*0.68,P60) -> #N/A | AM60: 3 | AN60: 9 | AO60: ='Программа тренировок '!F200 | AP60: =MROUND(AL60/INDEX($O$93:$X$100,MATCH(AO60,$N$93:$N$100,0),MATCH(AN60,$O$92:$X$92,0))*0.65,P60) -> #N/A | AQ60: 1 | AR60: до отказа | AS60: =MROUND(AL60/INDEX($O$93:$X$100,MATCH(AO60,$N$93:$N$100,0),MATCH(AN60,$O$92:$X$92,0))*0.69,P60) -> #N/A | AT60: 3 | AU60: 9 | AV60: ='Программа тренировок '!M200 | AW60: =MROUND(AS60/INDEX($O$93:$X$100,MATCH(AV60,$N$93:$N$100,0),MATCH(AU60,$O$92:$X$92,0))*0.66,P60) -> #N/A | AX60: 1 | AY60: до отказа | AZ60: =MROUND(AS60/INDEX($O$93:$X$100,MATCH(AV60,$N$93:$N$100,0),MATCH(AU60,$O$92:$X$92,0))*0.71,P60) -> #N/A | BA60: 3 | BB60: 9 | BC60: ='Программа тренировок '!T200 | BD60: =MROUND(AZ60/INDEX($O$93:$X$100,MATCH(BC60,$N$93:$N$100,0),MATCH(BB60,$O$92:$X$92,0))*0.68,P60) -> #N/A | BE60: 1 | BF60: до отказа | BG60: =MROUND(AZ60/INDEX($O$93:$X$100,MATCH(BC60,$N$93:$N$100,0),MATCH(BB60,$O$92:$X$92,0))*0.71,P60) -> #N/A | BH60: 3 | BI60: 8 | BJ60: ='Программа тренировок '!F227 | BK60: =MROUND(BG60/INDEX($O$93:$X$100,MATCH(BJ60,$N$93:$N$100,0),MATCH(BI60,$O$92:$X$92,0))*0.68,P60) -> #N/A | BL60: 1 | BM60: до отказа | BN60: =MROUND(BG60/INDEX($O$93:$X$100,MATCH(BJ60,$N$93:$N$100,0),MATCH(BI60,$O$92:$X$92,0))*0.72,P60) -> #N/A | BO60: 3 | BP60: 8 | BQ60: ='Программа тренировок '!M227 | BR60: =MROUND(BN60/INDEX($O$93:$X$100,MATCH(BQ60,$N$93:$N$100,0),MATCH(BP60,$O$92:$X$92,0))*0.69,P60) -> #N/A | BS60: 1 | BT60: до отказа | BU60: =MROUND(BN60/INDEX($O$93:$X$100,MATCH(BQ60,$N$93:$N$100,0),MATCH(BP60,$O$92:$X$92,0))*0.74,P60) -> #N/A | BV60: 3 | BW60: 8 | BX60: ='Программа тренировок '!T227 | BY60: =MROUND(BU60/INDEX($O$93:$X$100,MATCH(BX60,$N$93:$N$100,0),MATCH(BW60,$O$92:$X$92,0))*0.71,P60) -> #N/A | BZ60: 1 | CA60: до отказа
L61: Тяга горизонтального блока к поясу | N61: ='Программа тренировок '!C130 | O61: ='Программа тренировок '!D130 | P61: ='Формулы'!I30 -> 3 | Q61: =MROUND(N61/INDEX($O$93:$X$100,MATCH(10,$N$93:$N$100,0),MATCH(O61,$O$92:$X$92,0))*0.65,P61) -> #N/A | R61: 3 | S61: 10 | T61: ='Программа тренировок '!F173 | U61: =MROUND(Q61/INDEX($O$93:$X$100,MATCH(T61,$N$93:$N$100,0),MATCH(S61,$O$92:$X$92,0))*0.62,P61) -> #N/A | V61: 1 | W61: до отказа | X61: =MROUND(Q61/INDEX($O$93:$X$100,MATCH(T61,$N$93:$N$100,0),MATCH(S61,$O$92:$X$92,0))*0.67,P61) -> #N/A | Y61: 3 | Z61: 10 | AA61: ='Программа тренировок '!M173 | AB61: =MROUND(X61/INDEX($O$93:$X$100,MATCH(AA61,$N$93:$N$100,0),MATCH(Z61,$O$92:$X$92,0))*0.64,P61) -> #N/A | AC61: 1 | AD61: до отказа | AE61: =MROUND(X61/INDEX($O$93:$X$100,MATCH(AA61,$N$93:$N$100,0),MATCH(Z61,$O$92:$X$92,0))*0.69,P61) -> #N/A | AF61: 3 | AG61: 10 | AH61: ='Программа тренировок '!T173 | AI61: =MROUND(AE61/INDEX($O$93:$X$100,MATCH(AH61,$N$93:$N$100,0),MATCH(AG61,$O$92:$X$92,0))*0.67,P61) -> #N/A | AJ61: 1 | AK61: до отказа | AL61: =MROUND(AE61/INDEX($O$93:$X$100,MATCH(AH61,$N$93:$N$100,0),MATCH(AG61,$O$92:$X$92,0))*0.68,P61) -> #N/A | AM61: 3 | AN61: 9 | AO61: ='Программа тренировок '!F200 | AP61: =MROUND(AL61/INDEX($O$93:$X$100,MATCH(AO61,$N$93:$N$100,0),MATCH(AN61,$O$92:$X$92,0))*0.65,P61) -> #N/A | AQ61: 1 | AR61: до отказа | AS61: =MROUND(AL61/INDEX($O$93:$X$100,MATCH(AO61,$N$93:$N$100,0),MATCH(AN61,$O$92:$X$92,0))*0.69,P61) -> #N/A | AT61: 3 | AU61: 9 | AV61: ='Программа тренировок '!M200 | AW61: =MROUND(AS61/INDEX($O$93:$X$100,MATCH(AV61,$N$93:$N$100,0),MATCH(AU61,$O$92:$X$92,0))*0.66,P61) -> #N/A | AX61: 1 | AY61: до отказа | AZ61: =MROUND(AS61/INDEX($O$93:$X$100,MATCH(AV61,$N$93:$N$100,0),MATCH(AU61,$O$92:$X$92,0))*0.71,P61) -> #N/A | BA61: 3 | BB61: 9 | BC61: ='Программа тренировок '!T200 | BD61: =MROUND(AZ61/INDEX($O$93:$X$100,MATCH(BC61,$N$93:$N$100,0),MATCH(BB61,$O$92:$X$92,0))*0.68,P61) -> #N/A | BE61: 1 | BF61: до отказа | BG61: =MROUND(AZ61/INDEX($O$93:$X$100,MATCH(BC61,$N$93:$N$100,0),MATCH(BB61,$O$92:$X$92,0))*0.71,P61) -> #N/A | BH61: 3 | BI61: 8 | BJ61: ='Программа тренировок '!F227 | BK61: =MROUND(BG61/INDEX($O$93:$X$100,MATCH(BJ61,$N$93:$N$100,0),MATCH(BI61,$O$92:$X$92,0))*0.68,P61) -> #N/A | BL61: 1 | BM61: до отказа | BN61: =MROUND(BG61/INDEX($O$93:$X$100,MATCH(BJ61,$N$93:$N$100,0),MATCH(BI61,$O$92:$X$92,0))*0.72,P61) -> #N/A | BO61: 3 | BP61: 8 | BQ61: ='Программа тренировок '!M227 | BR61: =MROUND(BN61/INDEX($O$93:$X$100,MATCH(BQ61,$N$93:$N$100,0),MATCH(BP61,$O$92:$X$92,0))*0.69,P61) -> #N/A | BS61: 1 | BT61: до отказа | BU61: =MROUND(BN61/INDEX($O$93:$X$100,MATCH(BQ61,$N$93:$N$100,0),MATCH(BP61,$O$92:$X$92,0))*0.74,P61) -> #N/A | BV61: 3 | BW61: 8 | BX61: ='Программа тренировок '!T227 | BY61: =MROUND(BU61/INDEX($O$93:$X$100,MATCH(BX61,$N$93:$N$100,0),MATCH(BW61,$O$92:$X$92,0))*0.71,P61) -> #N/A | BZ61: 1 | CA61: до отказа
L63: +
L64: Сгибания ног | N64: ='Программа тренировок '!C131 | O64: ='Программа тренировок '!D131 | P64: ='Формулы'!I31 | Q64: =MROUND(N64/INDEX($O$93:$X$100,MATCH(10,$N$93:$N$100,0),MATCH(O64,$O$92:$X$92,0))*0.65,P64) -> #N/A | R64: 3 | S64: 10 | T64: ='Программа тренировок '!F174 | U64: =MROUND(Q64/INDEX($O$93:$X$100,MATCH(T64,$N$93:$N$100,0),MATCH(S64,$O$92:$X$92,0))*0.62,P64) -> #N/A | V64: 1 | W64: до отказа | X64: =MROUND(Q64/INDEX($O$93:$X$100,MATCH(T64,$N$93:$N$100,0),MATCH(S64,$O$92:$X$92,0))*0.67,P64) -> #N/A | Y64: 3 | Z64: 10 | AA64: ='Программа тренировок '!M174 | AB64: =MROUND(X64/INDEX($O$93:$X$100,MATCH(AA64,$N$93:$N$100,0),MATCH(Z64,$O$92:$X$92,0))*0.64,P64) -> #N/A | AC64: 1 | AD64: до отказа | AE64: =MROUND(X64/INDEX($O$93:$X$100,MATCH(AA64,$N$93:$N$100,0),MATCH(Z64,$O$92:$X$92,0))*0.69,P64) -> #N/A | AF64: 3 | AG64: 10 | AH64: ='Программа тренировок '!T174 | AI64: =MROUND(AE64/INDEX($O$93:$X$100,MATCH(AH64,$N$93:$N$100,0),MATCH(AG64,$O$92:$X$92,0))*0.67,P64) -> #N/A | AJ64: 1 | AK64: до отказа | AL64: =MROUND(AE64/INDEX($O$93:$X$100,MATCH(AH64,$N$93:$N$100,0),MATCH(AG64,$O$92:$X$92,0))*0.68,P64) -> #N/A | AM64: 3 | AN64: 9 | AO64: ='Программа тренировок '!F201 | AP64: =MROUND(AL64/INDEX($O$93:$X$100,MATCH(AO64,$N$93:$N$100,0),MATCH(AN64,$O$92:$X$92,0))*0.65,P64) -> #N/A | AQ64: 1 | AR64: до отказа | AS64: =MROUND(AL64/INDEX($O$93:$X$100,MATCH(AO64,$N$93:$N$100,0),MATCH(AN64,$O$92:$X$92,0))*0.69,P64) -> #N/A | AT64: 3 | AU64: 9 | AV64: ='Программа тренировок '!M201 | AW64: =MROUND(AS64/INDEX($O$93:$X$100,MATCH(AV64,$N$93:$N$100,0),MATCH(AU64,$O$92:$X$92,0))*0.66,P64) -> #N/A | AX64: 1 | AY64: до отказа | AZ64: =MROUND(AS64/INDEX($O$93:$X$100,MATCH(AV64,$N$93:$N$100,0),MATCH(AU64,$O$92:$X$92,0))*0.71,P64) -> #N/A | BA64: 3 | BB64: 9 | BC64: ='Программа тренировок '!T201 | BD64: =MROUND(AZ64/INDEX($O$93:$X$100,MATCH(BC64,$N$93:$N$100,0),MATCH(BB64,$O$92:$X$92,0))*0.68,P64) -> #N/A | BE64: 1 | BF64: до отказа | BG64: =MROUND(AZ64/INDEX($O$93:$X$100,MATCH(BC64,$N$93:$N$100,0),MATCH(BB64,$O$92:$X$92,0))*0.71,P64) -> #N/A | BH64: 3 | BI64: 8 | BJ64: ='Программа тренировок '!F228 | BK64: =MROUND(BG64/INDEX($O$93:$X$100,MATCH(BJ64,$N$93:$N$100,0),MATCH(BI64,$O$92:$X$92,0))*0.68,P64) -> #N/A | BL64: 1 | BM64: до отказа | BN64: =MROUND(BG64/INDEX($O$93:$X$100,MATCH(BJ64,$N$93:$N$100,0),MATCH(BI64,$O$92:$X$92,0))*0.72,P64) -> #N/A | BO64: 3 | BP64: 8 | BQ64: ='Программа тренировок '!M228 | BR64: =MROUND(BN64/INDEX($O$93:$X$100,MATCH(BQ64,$N$93:$N$100,0),MATCH(BP64,$O$92:$X$92,0))*0.69,P64) -> #N/A | BS64: 1 | BT64: до отказа | BU64: =MROUND(BN64/INDEX($O$93:$X$100,MATCH(BQ64,$N$93:$N$100,0),MATCH(BP64,$O$92:$X$92,0))*0.74,P64) -> #N/A | BV64: 3 | BW64: 8 | BX64: ='Программа тренировок '!T228 | BY64: =MROUND(BU64/INDEX($O$93:$X$100,MATCH(BX64,$N$93:$N$100,0),MATCH(BW64,$O$92:$X$92,0))*0.71,P64) -> #N/A | BZ64: 1 | CA64: до отказа
L65: Разгибания ног | N65: ='Программа тренировок '!C131 | O65: ='Программа тренировок '!D131 | P65: ='Формулы'!I31 | Q65: =MROUND(N65/INDEX($O$93:$X$100,MATCH(10,$N$93:$N$100,0),MATCH(O65,$O$92:$X$92,0))*0.65,P65) -> #N/A | R65: 3 | S65: 10 | T65: ='Программа тренировок '!F174 | U65: =MROUND(Q65/INDEX($O$93:$X$100,MATCH(T65,$N$93:$N$100,0),MATCH(S65,$O$92:$X$92,0))*0.62,P65) -> #N/A | V65: 1 | W65: до отказа | X65: =MROUND(Q65/INDEX($O$93:$X$100,MATCH(T65,$N$93:$N$100,0),MATCH(S65,$O$92:$X$92,0))*0.67,P65) -> #N/A | Y65: 3 | Z65: 10 | AA65: ='Программа тренировок '!M174 | AB65: =MROUND(X65/INDEX($O$93:$X$100,MATCH(AA65,$N$93:$N$100,0),MATCH(Z65,$O$92:$X$92,0))*0.64,P65) -> #N/A | AC65: 1 | AD65: до отказа | AE65: =MROUND(X65/INDEX($O$93:$X$100,MATCH(AA65,$N$93:$N$100,0),MATCH(Z65,$O$92:$X$92,0))*0.69,P65) -> #N/A | AF65: 3 | AG65: 10 | AH65: ='Программа тренировок '!T174 | AI65: =MROUND(AE65/INDEX($O$93:$X$100,MATCH(AH65,$N$93:$N$100,0),MATCH(AG65,$O$92:$X$92,0))*0.67,P65) -> #N/A | AJ65: 1 | AK65: до отказа | AL65: =MROUND(AE65/INDEX($O$93:$X$100,MATCH(AH65,$N$93:$N$100,0),MATCH(AG65,$O$92:$X$92,0))*0.68,P65) -> #N/A | AM65: 3 | AN65: 9 | AO65: ='Программа тренировок '!F201 | AP65: =MROUND(AL65/INDEX($O$93:$X$100,MATCH(AO65,$N$93:$N$100,0),MATCH(AN65,$O$92:$X$92,0))*0.65,P65) -> #N/A | AQ65: 1 | AR65: до отказа | AS65: =MROUND(AL65/INDEX($O$93:$X$100,MATCH(AO65,$N$93:$N$100,0),MATCH(AN65,$O$92:$X$92,0))*0.69,P65) -> #N/A | AT65: 3 | AU65: 9 | AV65: ='Программа тренировок '!M201 | AW65: =MROUND(AS65/INDEX($O$93:$X$100,MATCH(AV65,$N$93:$N$100,0),MATCH(AU65,$O$92:$X$92,0))*0.66,P65) -> #N/A | AX65: 1 | AY65: до отказа | AZ65: =MROUND(AS65/INDEX($O$93:$X$100,MATCH(AV65,$N$93:$N$100,0),MATCH(AU65,$O$92:$X$92,0))*0.71,P65) -> #N/A | BA65: 3 | BB65: 9 | BC65: ='Программа тренировок '!T201 | BD65: =MROUND(AZ65/INDEX($O$93:$X$100,MATCH(BC65,$N$93:$N$100,0),MATCH(BB65,$O$92:$X$92,0))*0.68,P65) -> #N/A | BE65: 1 | BF65: до отказа | BG65: =MROUND(AZ65/INDEX($O$93:$X$100,MATCH(BC65,$N$93:$N$100,0),MATCH(BB65,$O$92:$X$92,0))*0.71,P65) -> #N/A | BH65: 3 | BI65: 8 | BJ65: ='Программа тренировок '!F228 | BK65: =MROUND(BG65/INDEX($O$93:$X$100,MATCH(BJ65,$N$93:$N$100,0),MATCH(BI65,$O$92:$X$92,0))*0.68,P65) -> #N/A | BL65: 1 | BM65: до отказа | BN65: =MROUND(BG65/INDEX($O$93:$X$100,MATCH(BJ65,$N$93:$N$100,0),MATCH(BI65,$O$92:$X$92,0))*0.72,P65) -> #N/A | BO65: 3 | BP65: 8 | BQ65: ='Программа тренировок '!M228 | BR65: =MROUND(BN65/INDEX($O$93:$X$100,MATCH(BQ65,$N$93:$N$100,0),MATCH(BP65,$O$92:$X$92,0))*0.69,P65) -> #N/A | BS65: 1 | BT65: до отказа | BU65: =MROUND(BN65/INDEX($O$93:$X$100,MATCH(BQ65,$N$93:$N$100,0),MATCH(BP65,$O$92:$X$92,0))*0.74,P65) -> #N/A | BV65: 3 | BW65: 8 | BX65: ='Программа тренировок '!T228 | BY65: =MROUND(BU65/INDEX($O$93:$X$100,MATCH(BX65,$N$93:$N$100,0),MATCH(BW65,$O$92:$X$92,0))*0.71,P65) -> #N/A | BZ65: 1 | CA65: до отказа
L67: +
L68: Скручивания | N68: ='Программа тренировок '!C115 | O68: ='Программа тренировок '!D115 | P68: ='Формулы'!I15 | Q68: собств. | R68: 1 | S68: =O68-2 -> -2 | T68: ='Программа тренировок '!F158 | U68: собств. | V68: 4 | W68: =FLOOR((10-$T$68+$S$68)-3,1) -> 5 | X68: собств. | Y68: 1 | Z68: =FLOOR((10-T68+S68)-1,1) -> 7 | AA68: ='Программа тренировок '!M158 | AB68: собств. | AC68: 4 | AD68: =FLOOR((10-AA68+Z68)-2,1) -> 15 | AE68: собств. | AF68: 1 | AG68: =FLOOR((10-AA68+Z68),1) -> 17 | AH68: ='Программа тренировок '!T158 | AI68: собств. | AJ68: 3 | AK68: =FLOOR((10-AH68+AG68)-2,1) -> 25 | AL68: собств. | AM68: 1 | AN68: =FLOOR((10-AH68+AG68)-2,1) -> 25 | AO68: ='Программа тренировок '!F185 | AP68: собств. | AQ68: 4 | AR68: =FLOOR((10-AO68+AN68)-3,1) -> 32 | AS68: собств. | AT68: 1 | AU68: =FLOOR((10-AO68+AN68)-1,1) -> 34 | AV68: ='Программа тренировок '!M185 | AW68: собств. | AX68: 4 | AY68: =FLOOR((10-AV68+AU68)-2,1) -> 42 | AZ68: собств. | BA68: 1 | BB68: =FLOOR((10-AV68+AU68),1) -> 44 | BC68: ='Программа тренировок '!T185 | BD68: собств. | BE68: 3 | BF68: =FLOOR((10-BC68+BB68)-2,1) -> 52 | BG68: собств. | BH68: 1 | BI68: =FLOOR((10-BC68+BB68)-2,1) -> 52 | BJ68: ='Программа тренировок '!F212 | BK68: собств. | BL68: 4 | BM68: =FLOOR((10-BJ68+BI68)-3,1) -> 59 | BN68: собств. | BO68: 1 | BP68: =FLOOR((10-BJ68+BI68)-1,1) -> 61 | BQ68: ='Программа тренировок '!M212 | BR68: собств. | BS68: 3 | BT68: =FLOOR((10-BQ68+BP68)-2,1) -> 69 | BU68: собств. | BV68: 1 | BW68: =FLOOR((10-BQ68+BP68),1) -> 71 | BX68: ='Программа тренировок '!T212 | BY68: собств. | BZ68: 3 | CA68: =FLOOR((10-BQ68+BP68)-2,1) -> 69
L69: Экстензия | N69: ='Программа тренировок '!C115 | O69: ='Программа тренировок '!D115 | P69: ='Формулы'!I15 | Q69: собств. | R69: 1 | S69: =O68-2 -> -2 | T69: ='Программа тренировок '!F158 | U69: собств. | V69: 4 | W69: =FLOOR((10-$T$68+$S$68)-3,1) -> 5 | X69: собств. | Y69: 1 | Z69: =FLOOR((10-T68+S68)-1,1) -> 7 | AA69: ='Программа тренировок '!M158 | AB69: собств. | AC69: 4 | AD69: =FLOOR((10-AA68+Z68)-2,1) -> 15 | AE69: собств. | AF69: 1 | AG69: =FLOOR((10-AA68+Z68),1) -> 17 | AH69: ='Программа тренировок '!T158 | AI69: собств. | AJ69: 3 | AK69: =FLOOR((10-AH68+AG68)-2,1) -> 25 | AL69: собств. | AM69: 1 | AN69: =FLOOR((10-AH68+AG68)-2,1) -> 25 | AO69: ='Программа тренировок '!F185 | AP69: собств. | AQ69: 4 | AR69: =FLOOR((10-AO68+AN68)-3,1) -> 32 | AS69: собств. | AT69: 1 | AU69: =FLOOR((10-AO68+AN68)-1,1) -> 34 | AV69: ='Программа тренировок '!M185 | AW69: собств. | AX69: 4 | AY69: =FLOOR((10-AV68+AU68)-2,1) -> 42 | AZ69: собств. | BA69: 1 | BB69: =FLOOR((10-AV68+AU68),1) -> 44 | BC69: ='Программа тренировок '!T185 | BD69: собств. | BE69: 3 | BF69: =FLOOR((10-BC68+BB68)-2,1) -> 52 | BG69: собств. | BH69: 1 | BI69: =FLOOR((10-BC68+BB68)-2,1) -> 52 | BJ69: ='Программа тренировок '!F212 | BK69: собств. | BL69: 4 | BM69: =FLOOR((10-BJ68+BI68)-3,1) -> 59 | BN69: собств. | BO69: 1 | BP69: =FLOOR((10-BJ68+BI68)-1,1) -> 61 | BQ69: ='Программа тренировок '!M212 | BR69: собств. | BS69: 3 | BT69: =FLOOR((10-BQ68+BP68)-2,1) -> 69 | BU69: собств. | BV69: 1 | BW69: =FLOOR((10-BQ68+BP68),1) -> 71 | BX69: ='Программа тренировок '!T212 | BY69: собств. | BZ69: 3 | CA69: =FLOOR((10-BQ68+BP68)-2,1) -> 69
O91: Повторения
N92: RPE | O92: 1 | P92: 2 | Q92: 3 | R92: 4 | S92: 5 | T92: 6 | U92: 7 | V92: 8 | W92: 9 | X92: 10
N93: 10 | O93: 1 | P93: 0.96 | Q93: 0.92 | R93: 0.89 | S93: 0.86 | T93: 0.84 | U93: 0.81 | V93: 0.79 | W93: 0.76 | X93: 0.74
N94: 9.5 | O94: 0.98 | P94: 0.94 | Q94: 0.91 | R94: 0.88 | S94: 0.85 | T94: 0.82 | U94: 0.8 | V94: 0.77 | W94: 0.75 | X94: 0.72
N95: 9 | O95: 0.96 | P95: 0.92 | Q95: 0.89 | R95: 0.86 | S95: 0.84 | T95: 0.81 | U95: 0.79 | V95: 0.76 | W95: 0.74 | X95: 0.71
N96: 8.5 | O96: 0.94 | P96: 0.91 | Q96: 0.88 | R96: 0.85 | S96: 0.82 | T96: 0.8 | U96: 0.77 | V96: 0.75 | W96: 0.72 | X96: 0.69
N97: 8 | O97: 0.92 | P97: 0.89 | Q97: 0.86 | R97: 0.84 | S97: 0.81 | T97: 0.79 | U97: 0.76 | V97: 0.74 | W97: 0.71 | X97: 0.68
N98: 7.5 | O98: 0.91 | P98: 0.88 | Q98: 0.85 | R98: 0.82 | S98: 0.8 | T98: 0.77 | U98: 0.75 | V98: 0.72 | W98: 0.69 | X98: 0.67
N99: 7 | O99: 0.89 | P99: 0.86 | Q99: 0.84 | R99: 0.81 | S99: 0.79 | T99: 0.76 | U99: 0.74 | V99: 0.71 | W99: 0.68 | X99: 0.65
N100: 6.5 | O100: 0.88 | P100: 0.85 | Q100: 0.82 | R100: 0.8 | S100: 0.77 | T100: 0.75 | U100: 0.72 | V100: 0.69 | W100: 0.67 | X100: 0.64

Sheet Коэффициенты
C2: 1 | H2: Шаг: | I2: 1ПМ: | K2: Шаг: | L2: 1ПМ:
C3: 2 | D3: 2.5 | E3: 3 | F3: 2.5 | H3: =IF('Программа тренировок '!D233="boosty.to/yetiblog", 4, 9) -> 4 | I3: =100/92 -> 1.0869565 | K3: 4 | L3: =100/85 -> 1.1764706 | N3: 4 | O3: =100/97 -> 1.0309278 | Q3: 2
C4: 3 | D4: 5 | E4: 6 | F4: 3 | H4: 5 | I4: =100/89 -> 1.1235955 | K4: 5 | L4: =100/80 -> 1.25 | N4: 5 | O4: =100/95 -> 1.0526316 | Q4: 4
C5: 4 | D5: 7.5 | E5: 9 | F5: 5 | H5: 6 | I5: =IF('Программа тренировок '!B7=S154, 100/87, "") | K5: 6 | L5: =100/75 -> 1.3333333 | N5: 6 | O5: =100/92 -> 1.0869565 | Q5: 6
C6: 5 | D6: 10 | F6: 6 | H6: 7 | I6: =100/85 -> 1.1764706 | K6: 7 | L6: =100/70 -> 1.4285714 | N6: 7 | O6: =IF('Программа тренировок '!B7=S154, 100/90,"")
C7: 6 | D7: 15 | F7: 7.5 | N7: =IF('Программа тренировок '!B232=S153, "8", "") -> 8 | O7: =100/87 -> 1.1494253
C8: 7 | D8: 20 | F8: 9 | N8: 9 | O8: =100/85 -> 1.1764706
C9: 8 | F9: 10 | N9: 10 | O9: =100/83 -> 1.2048193
C10: 9 | F10: 15 | N10: 11 | O10: =100/81 -> 1.2345679
C11: 10 | F11: 20 | N11: 12 | O11: =100/79 -> 1.2658228
E16: 1
E17: 2
E18: 3 | O18: 1
E19: 4 | O19: 2
E20: 5 | O20: 2.5
E21: 6 | O21: 3
E22: 7 | O22: 5
E23: 8
E24: 9
E25: 10
E26: 11
E27: 12
E28: 13
E29: 14
E30: 15
E31: 16
E32: 17
E33: 18
E34: 19
... E61: 46
S153: Авторские видео-гайды по упражнениям и другие программы тренировок доступны подписчикам на Boosty
S154: ВИДЕО-ИНСТРУКЦИЯ К ДАННОЙ ПРОГРАММЕ ТРЕНИРОВОК

Sheet RPE
C4: RPE (Rating of Perceived Exertion) - это субъективная оценка уровня нагрузки по шкале от 0 до 10 (где 0 лежание на диване, а 10 подход с максимально возможным усилием)
C6: • RPE 10 = Абсолютное максимальное усилие, без повторений оставшихся в запасе (отказ).
C7: • RPE 9.5 = Cубмаксимальное усилие, при котором у вас нет ни одного повторения в запасе, но есть возможность увеличить рабочий вес
C8: • RPE 9 = Очень тяжелый подход, при котором у вас есть 1 повторение в запасе
C9: • RPE 8.5 = Полтора повторения в запасе - вы не можете выполнить 2 повторения, но можете немного увеличить вес, выполнив с ним то же одно повторение
C10: • RPE 8 = Два повторения в запасе
C11: • RPE 7.5 = Два с половиной повторения в запасе - вы можете немного увеличить рабочий вес, оставив 2 повторения в запасе
C12: • RPE 7 = Три повторения в запасе
C13: • RPE 6.5 = Три с половиной повторения в запасе
C15: Люди могут достаточно точно оценивать RPE тяжёлых подходов, в которых менее 4 повторений в запасе (от 6,5 до 10 RPE), но не лёгких подходов где в запасе 8 или 9 повторений (RPE 1-2),
C16: поэтому в программе тренировок не будет полной шкалы и будут оцениваться именно тяжёлые подходы
C18: Конечно всё это требует практики, поэтому вам отведены 2 подготовительные недели чтобы этому научиться
C19: Оценивайте сложность каждого подхода по шкале от 6,5 до 10 - со временем точность ваших оценок будет возрастать
