Workbook

Sheet Лист2
D2: Связь количества повторений, RPE и интенсивности (%ПМ)
D4: Повторения
C5: RPE | D5: 1 | E5: 2 | F5: 3 | G5: 4 | H5: 5 | I5: 6 | J5: 7 | K5: 8 | L5: 9 | M5: 10 | P5: RPE | Q5: Расшифровка
C6: 10 | D6: 1 | E6: 0.96 | F6: 0.92 | G6: 0.89 | H6: 0.86 | I6: 0.84 | J6: 0.81 | K6: 0.79 | L6: 0.76 | M6: 0.74 | P6: 10 | Q6: подход в отказ, 0 повторений в запасе
C7: 9.5 | D7: 0.98 | E7: 0.94 | F7: 0.91 | G7: 0.88 | H7: 0.85 | I7: 0.82 | J7: 0.8 | K7: 0.77 | L7: 0.75 | M7: 0.72 | P7: 9.5 | Q7: 0 повторений в запасе, но есть возможность взять вес немного больше
C8: 9 | D8: 0.96 | E8: 0.92 | F8: 0.89 | G8: 0.86 | H8: 0.84 | I8: 0.81 | J8: 0.79 | K8: 0.76 | L8: 0.74 | M8: 0.71 | P8: 9 | Q8: 1 повторение в запасе
C9: 8.5 | D9: 0.94 | E9: 0.91 | F9: 0.88 | G9: 0.85 | H9: 0.72 | I9: 0.8 | J9: 0.77 | K9: 0.75 | L9: 0.72 | M9: 0.69 | P9: 8.5 | Q9: 1 повторение в запасе и возможность взять немного больше вес
C10: 8 | D10: 0.92 | E10: 0.89 | F10: 0.86 | G10: 0.84 | H10: 0.81 | I10: 0.79 | J10: 0.76 | K10: 0.74 | L10: 0.71 | M10: 0.68 | P10: 8 | Q10: 2 повторения в запасе
C11: 7.5 | D11: 0.91 | E11: 0.88 | F11: 0.85 | G11: 0.82 | H11: 0.8 | I11: 0.77 | J11: 0.75 | K11: 0.72 | L11: 0.69 | M11: 0.67 | P11: 7.5 | Q11: 2 повторения в запасе и возможность взять вес немного больше
C12: 7 | D12: 0.89 | E12: 0.86 | F12: 0.84 | G12: 0.81 | H12: 0.79 | I12: 0.76 | J12: 0.74 | K12: 0.71 | L12: 0.68 | M12: 0.65 | P12: 7 | Q12: 3 повторения в запасе
C13: 6.5 | D13: 0.88 | E13: 0.85 | F13: 0.82 | G13: 0.8 | H13: 0.77 | I13: 0.75 | J13: 0.72 | K13: 0.69 | L13: 0.67 | M13: 0.64 | P13: 6.5 | Q13: 3 повторения в запасе и возможность взять вес немного больше
C17: Вес | D17: Повт | E17: RPE | F17: %ПМ | G17: ПДМ
C18: 160 | D18: 5 | E18: 8 | F18: =INDEX(Лист2!D6:M13,MATCH(E18,Лист2!$C$6:$C$13,0),MATCH(D18,Лист2!$D$5:$M$5,0)) -> 0.81 | G18: =FLOOR(C18/F18, 2.5) -> 197.5
C21: Прогнозируемый дневной максимум (ПДМ) - это тренировочный инструмент, который оценивает одноповторный максимум атлета (1ПМ) в данный день на основе веса, количества повторений и воспринимаемого усилия (RPE) в подходе.
C22: Это позволяет не выполнять проходку до 100%ПМ или подходы в отказ для подбора рабочих весов каждую тренировку (что явно вредит тренировочному процессу)
C23: Данный показатель способствует саморегуляции, корректируя тренировку в зависимости от текущей готовности атлета, и может использоваться для получения обратной связи об эффективности тренировочной программы.

Sheet Лист1
B3: Вы задаёте только целевой RPE и количество повторений, рабочий вес каждого подхода будет автоматически подбираться после оценки реального RPE
C6: Желаемый RPE | D6: Вес | E6: Повт | F6: Оценка RPE | N6: Повторения | AJ6: ПДМ | AK6: %ПМ | AN6: ПМ
G7: ⬅Top-Set | M7: RPE | N7: 1 | O7: 2 | P7: 3 | Q7: 4 | R7: 5 | S7: 6 | T7: 7 | U7: 8 | V7: 9 | W7: 10 | AJ7: =D7/AK7 -> #N/A | AK7: =INDEX(Лист2!D6:M13,MATCH(F7,Лист2!$C$6:$C$13,0),MATCH(E7,Лист2!$D$5:$M$5,0)) -> #N/A
D8: =IFERROR(MROUND(AJ7*AK8,2.5),"я сам решу") -> я сам решу | G8: Back-Off-Set | K8: Top-set | M8: 10 | N8: =IF(M6>0, 100%*M6, 100%) -> 1 | O8: 0.96 | P8: 0.92 | Q8: 0.89 | R8: 0.86 | S8: 0.84 | T8: 0.81 | U8: 0.79 | V8: 0.76 | W8: 0.74 | AJ8: =D8/AN8 -> #VALUE! | AK8: =INDEX(Лист2!D6:M13,MATCH(C8,Лист2!$C$6:$C$13,0),MATCH(E8,Лист2!$D$5:$M$5,0)) -> #N/A | AN8: =INDEX(Лист2!D6:M13,MATCH(F8,Лист2!$C$6:$C$13,0),MATCH(E8,Лист2!$D$5:$M$5,0)) -> #N/A
D9: =IFERROR(MROUND(AJ8*AK9,2.5),"сам решу") -> сам решу | G9: Back-Off-Set | M9: 9.5 | N9: 0.98 | O9: 0.94 | P9: 0.91 | Q9: 0.88 | R9: 0.85 | S9: 0.82 | T9: 0.8 | U9: 0.77 | V9: 0.75 | W9: 0.72 | AJ9: =D9/AN9 -> #VALUE! | AK9: =INDEX(Лист2!D6:M13,MATCH(C9,Лист2!$C$6:$C$13,0),MATCH(E9,Лист2!$D$5:$M$5,0)) -> #N/A | AN9: =INDEX(Лист2!D6:M13,MATCH(F9,Лист2!$C$6:$C$13,0),MATCH(E9,Лист2!$D$5:$M$5,0)) -> #N/A
D10: =IFERROR(MROUND(AJ9*AK10,2.5),"сам решууу") -> сам решууу | G10: Back-Off-Set | K10: Back-off-set | M10: 9 | N10: 0.96 | O10: 0.92 | P10: 0.89 | Q10: 0.86 | R10: 0.84 | S10: 0.81 | T10: 0.79 | U10: 0.76 | V10: 0.74 | W10: 0.71 | AJ10: =D10/AN10 -> #VALUE! | AK10: =INDEX(Лист2!D6:M13,MATCH(C10,Лист2!$C$6:$C$13,0),MATCH(E10,Лист2!$D$5:$M$5,0)) -> #N/A | AN10: =INDEX(Лист2!D6:M13,MATCH(F10,Лист2!$C$6:$C$13,0),MATCH(E10,Лист2!$D$5:$M$5,0)) -> #N/A
D11: =IFERROR(MROUND(AJ10*AK11,2.5),"сам решу") -> сам решу | G11: Back-Off-Set | M11: 8.5 | N11: 0.94 | O11: 0.91 | P11: 0.88 | Q11: 0.85 | R11: 0.72 | S11: 0.8 | T11: 0.77 | U11: 0.75 | V11: 0.72 | W11: 0.69 | AJ11: =D11/AN11 -> #VALUE! | AK11: =INDEX(Лист2!D6:M13,MATCH(C11,Лист2!$C$6:$C$13,0),MATCH(E11,Лист2!$D$5:$M$5,0)) -> #N/A | AN11: =INDEX(Лист2!D6:M13,MATCH(F11,Лист2!$C$6:$C$13,0),MATCH(E11,Лист2!$D$5:$M$5,0)) -> #N/A
D12: =IFERROR(MROUND(AJ11*AK12,2.5),"сам решу") -> сам решу | G12: Back-Off-Set | M12: 8 | N12: 0.92 | O12: 0.89 | P12: 0.86 | Q12: 0.84 | R12: 0.81 | S12: 0.79 | T12: 0.76 | U12: 0.74 | V12: 0.71 | W12: 0.68 | AJ12: =D12/AN12 -> #VALUE! | AK12: =INDEX(Лист2!D6:M13,MATCH(C12,Лист2!$C$6:$C$13,0),MATCH(E12,Лист2!$D$5:$M$5,0)) -> #N/A | AN12: =INDEX(Лист2!D6:M13,MATCH(F12,Лист2!$C$6:$C$13,0),MATCH(E12,Лист2!$D$5:$M$5,0)) -> #N/A
M13: 7.5 | N13: 0.91 | O13: 0.88 | P13: 0.85 | Q13: 0.82 | R13: 0.8 | S13: 0.77 | T13: 0.75 | U13: 0.72 | V13: 0.69 | W13: 0.67
M14: 7 | N14: 0.89 | O14: 0.86 | P14: 0.84 | Q14: 0.81 | R14: 0.79 | S14: 0.76 | T14: 0.74 | U14: 0.71 | V14: 0.68 | W14: 0.65
M15: 6.5 | N15: 0.88 | O15: 0.85 | P15: 0.82 | Q15: 0.8 | R15: 0.77 | S15: 0.75 | T15: 0.72 | U15: 0.69 | V15: 0.67 | W15: 0.64
M16: 6 | N16: 0.86 | O16: 0.84 | P16: 0.81 | Q16: 0.79 | R16: 0.76 | S16: 0.74 | T16: 0.71 | U16: 0.68 | V16: 0.65 | W16: 0.62
B19: Top-set: | N19: Back-off-set:
B20: RPE | C20: %ПМ | D20: Повт | E20: %ПМ | F20: Повт | G20: %ПМ | H20: Повт | I20: %ПМ | J20: Повт | K20: %ПМ | L20: Повт | N20: RPE | O20: %ПМ | P20: Повт | Q20: %ПМ | R20: Повт | S20: %ПМ | T20: Повт | U20: %ПМ | V20: Повт
B21: 7 | C21: 0.84 | D21: 3 | E21: 0.84 | F21: 3 | G21: 0.84 | H21: 3 | I21: 0.86 | J21: 2 | K21: 0.89 | L21: 1 | N21: 6 | O21: 0.74 | P21: 6 | Q21: 0.76 | R21: 5 | S21: 0.79 | T21: 4 | U21: 0.81 | V21: 3
B22: 7.5 | C22: 0.85 | D22: 3 | E22: 0.85 | F22: 3 | G22: 0.85 | H22: 3 | I22: 0.88 | J22: 2 | K22: 0.91 | L22: 1 | N22: 6.5 | O22: 0.75 | P22: 6 | Q22: 0.77 | R22: 5 | S22: 0.8 | T22: 4 | U22: 0.82 | V22: 3
B23: 8 | C23: 0.86 | D23: 3 | E23: 0.86 | F23: 3 | G23: 0.86 | H23: 3 | I23: 0.89 | J23: 2 | K23: 0.92 | L23: 1 | N23: 7 | O23: 0.76 | P23: 6 | Q23: 0.79 | R23: 5 | S23: 0.81 | T23: 4 | U23: 0.84 | V23: 3
B24: 8.5 | C24: 0.88 | D24: 3 | E24: 0.88 | F24: 3 | G24: 0.88 | H24: 3 | I24: 0.91 | J24: 2 | K24: 0.94 | L24: 1 | N24: 7.5 | O24: 0.77 | P24: 6 | Q24: 0.8 | R24: 5 | S24: 0.82 | T24: 4 | U24: 0.85 | V24: 3
B25: 9 | C25: 0.89 | D25: 3 | E25: 0.89 | F25: 3 | G25: 0.89 | H25: 3 | I25: 0.92 | J25: 2 | K25: 0.96 | L25: 1 | N25: 8 | O25: 0.79 | P25: 6 | Q25: 0.81 | R25: 5 | S25: 0.84 | T25: 4 | U25: 0.86 | V25: 3
B26: 9.5 | C26: 0.91 | D26: 3 | E26: 0.91 | F26: 3 | G26: 0.91 | H26: 3 | I26: 0.94 | J26: 2 | K26: 0.98 | L26: 1
B27: 10 | C27: 0.92 | D27: 3 | E27: 0.92 | F27: 3 | G27: 0.92 | H27: 3 | I27: 0.96 | J27: 2 | K27: 1 | L27: 1
